method,ARI,AMI,FMI,unlabeled_pctg,cluster_num,pred_type_max_pctg,supervised,train_dataset,train_complexity,train_entropy,train_seq_depth_med,train_seq_depth_IQR,train_cell_types,train_cell_type_max_pctg,train_sparsity,train_sample_num,train_gene_num,test_dataset,test_complexity,test_entropy,test_seq_depth_med,test_seq_depth_IQR,test_cell_types,test_cell_type_max_pctg,test_sparsity,test_sample_num,test_gene_num,train_test_correlation,type_pctg,type_num,assigned
scmap_cluster...1,0.754633350013997,0.6695449103901543,0.8067197831364662,0.1031636863823934,6,0.28060522696011003,TRUE,midbrain_human,0.9484182341799251,1.5612754119705026,0.2890020992268701,0.22342685986380628,5,0.28823529411764703,0.8748686100829149,510,19531,midbrain_human,0.952453373445051,1.5608420512390095,0.2980902155547591,0.22569248886385743,5,0.28885832187070154,0.8734887443423099,727,19531,0.9994554814329781,0.2,5,NA
scmap_cell...2,0.7600152035101267,0.7543930874377069,0.8138496135187053,0.2544704264099037,6,0.2833562585969739,TRUE,midbrain_human,0.9484182341799251,1.5612754119705026,0.2890020992268701,0.22342685986380628,5,0.28823529411764703,0.8748686100829149,510,19531,midbrain_human,0.952453373445051,1.5608420512390095,0.2980902155547591,0.22569248886385743,5,0.28885832187070154,0.8734887443423099,727,19531,0.9994554814329781,0.2,5,NA
chetah...3,0.789638917045582,0.7066535541304876,0.8344480129474036,0.09353507565337002,6,0.2792297111416781,TRUE,midbrain_human,0.9484182341799251,1.5612754119705026,0.2890020992268701,0.22342685986380628,5,0.28823529411764703,0.8748686100829149,510,19531,midbrain_human,0.952453373445051,1.5608420512390095,0.2980902155547591,0.22569248886385743,5,0.28885832187070154,0.8734887443423099,727,19531,0.9994554814329781,0.2,5,NA
singlecellnet...4,0.9578279544675493,0.9293152373679228,0.9670501080878878,0.002751031636863824,6,0.28885832187070154,TRUE,midbrain_human,0.9484182341799251,1.5612754119705026,0.2890020992268701,0.22342685986380628,5,0.28823529411764703,0.8748686100829149,510,19531,midbrain_human,0.952453373445051,1.5608420512390095,0.2980902155547591,0.22569248886385743,5,0.28885832187070154,0.8734887443423099,727,19531,0.9994554814329781,0.2,5,NA
garnett...5,0,0,0.4677746418141777,1,1,-Inf,TRUE,midbrain_human,0.9484182341799251,1.5612754119705026,0.2890020992268701,0.22342685986380628,5,0.28823529411764703,0.8748686100829149,510,19531,midbrain_human,0.952453373445051,1.5608420512390095,0.2980902155547591,0.22569248886385743,5,0.28885832187070154,0.8734887443423099,727,19531,0.9994554814329781,0.2,5,NA
singleR...6,0.8746021627597307,0.836667211517248,0.9020264798186243,0,5,0.2874828060522696,TRUE,midbrain_human,0.9484182341799251,1.5612754119705026,0.2890020992268701,0.22342685986380628,5,0.28823529411764703,0.8748686100829149,510,19531,midbrain_human,0.952453373445051,1.5608420512390095,0.2980902155547591,0.22569248886385743,5,0.28885832187070154,0.8734887443423099,727,19531,0.9994554814329781,0.2,5,NA
cellassign...7,0,0,0.4677746418141777,1,1,-Inf,TRUE,midbrain_human,0.9484182341799251,1.5612754119705026,0.2890020992268701,0.22342685986380628,5,0.28823529411764703,0.8748686100829149,510,19531,midbrain_human,0.952453373445051,1.5608420512390095,0.2980902155547591,0.22569248886385743,5,0.28885832187070154,0.8734887443423099,727,19531,0.9994554814329781,0.2,5,NA
scmap_cluster...8,0.9447923611118738,0.823142127697394,0.9849580514788959,NA,NA,NA,TRUE,midbrain_human,0.9484182341799251,1.5612754119705026,0.2890020992268701,0.22342685986380628,5,0.28823529411764703,0.8748686100829149,510,19531,midbrain_human,0.952453373445051,1.5608420512390095,0.2980902155547591,0.22569248886385743,5,0.28885832187070154,0.8734887443423099,727,19531,0.9994554814329781,0.2,5,TRUE
scmap_cell...9,0.980274304729813,0.8609319448559528,0.9947466063647461,NA,NA,NA,TRUE,midbrain_human,0.9484182341799251,1.5612754119705026,0.2890020992268701,0.22342685986380628,5,0.28823529411764703,0.8748686100829149,510,19531,midbrain_human,0.952453373445051,1.5608420512390095,0.2980902155547591,0.22569248886385743,5,0.28885832187070154,0.8734887443423099,727,19531,0.9994554814329781,0.2,5,TRUE
chetah...10,0.9856337857896045,0.8868276560719325,0.9961815771291126,NA,NA,NA,TRUE,midbrain_human,0.9484182341799251,1.5612754119705026,0.2890020992268701,0.22342685986380628,5,0.28823529411764703,0.8748686100829149,510,19531,midbrain_human,0.952453373445051,1.5608420512390095,0.2980902155547591,0.22569248886385743,5,0.28885832187070154,0.8734887443423099,727,19531,0.9994554814329781,0.2,5,TRUE
singlecellnet...11,1,1,1,NA,NA,NA,TRUE,midbrain_human,0.9484182341799251,1.5612754119705026,0.2890020992268701,0.22342685986380628,5,0.28823529411764703,0.8748686100829149,510,19531,midbrain_human,0.952453373445051,1.5608420512390095,0.2980902155547591,0.22569248886385743,5,0.28885832187070154,0.8734887443423099,727,19531,0.9994554814329781,0.2,5,TRUE
garnett...12,0,0,0.8578215883928642,NA,NA,NA,TRUE,midbrain_human,0.9484182341799251,1.5612754119705026,0.2890020992268701,0.22342685986380628,5,0.28823529411764703,0.8748686100829149,510,19531,midbrain_human,0.952453373445051,1.5608420512390095,0.2980902155547591,0.22569248886385743,5,0.28885832187070154,0.8734887443423099,727,19531,0.9994554814329781,0.2,5,TRUE
singleR...13,0.9922028891958968,0.9262516908739017,0.9979332636478166,NA,NA,NA,TRUE,midbrain_human,0.9484182341799251,1.5612754119705026,0.2890020992268701,0.22342685986380628,5,0.28823529411764703,0.8748686100829149,510,19531,midbrain_human,0.952453373445051,1.5608420512390095,0.2980902155547591,0.22569248886385743,5,0.28885832187070154,0.8734887443423099,727,19531,0.9994554814329781,0.2,5,TRUE
cellassign...14,0,0,0.8578215883928642,NA,NA,NA,TRUE,midbrain_human,0.9484182341799251,1.5612754119705026,0.2890020992268701,0.22342685986380628,5,0.28823529411764703,0.8748686100829149,510,19531,midbrain_human,0.952453373445051,1.5608420512390095,0.2980902155547591,0.22569248886385743,5,0.28885832187070154,0.8734887443423099,727,19531,0.9994554814329781,0.2,5,TRUE
scmap_cluster...15,0.7594123968692273,0.6397781652118313,0.8189897155954037,NA,NA,NA,TRUE,midbrain_human,0.9484182341799251,1.5612754119705026,0.2890020992268701,0.22342685986380628,5,0.28823529411764703,0.8748686100829149,510,19531,midbrain_human,0.952453373445051,1.5608420512390095,0.2980902155547591,0.22569248886385743,5,0.28885832187070154,0.8734887443423099,727,19531,0.9994554814329781,0.2,5,FALSE
scmap_cell...16,0.7505851576847511,0.7103831806379777,0.8177724803081096,NA,NA,NA,TRUE,midbrain_human,0.9484182341799251,1.5612754119705026,0.2890020992268701,0.22342685986380628,5,0.28823529411764703,0.8748686100829149,510,19531,midbrain_human,0.952453373445051,1.5608420512390095,0.2980902155547591,0.22569248886385743,5,0.28885832187070154,0.8734887443423099,727,19531,0.9994554814329781,0.2,5,FALSE
chetah...17,0.7976333811490002,0.684672277355943,0.8479217013019729,NA,NA,NA,TRUE,midbrain_human,0.9484182341799251,1.5612754119705026,0.2890020992268701,0.22342685986380628,5,0.28823529411764703,0.8748686100829149,510,19531,midbrain_human,0.952453373445051,1.5608420512390095,0.2980902155547591,0.22569248886385743,5,0.28885832187070154,0.8734887443423099,727,19531,0.9994554814329781,0.2,5,FALSE
singlecellnet...18,0.9551114717825087,0.91687032163767,0.9665666310657688,NA,NA,NA,TRUE,midbrain_human,0.9484182341799251,1.5612754119705026,0.2890020992268701,0.22342685986380628,5,0.28823529411764703,0.8748686100829149,510,19531,midbrain_human,0.952453373445051,1.5608420512390095,0.2980902155547591,0.22569248886385743,5,0.28885832187070154,0.8734887443423099,727,19531,0.9994554814329781,0.2,5,FALSE
garnett...19,0,0,0.5049922457413621,NA,NA,NA,TRUE,midbrain_human,0.9484182341799251,1.5612754119705026,0.2890020992268701,0.22342685986380628,5,0.28823529411764703,0.8748686100829149,510,19531,midbrain_human,0.952453373445051,1.5608420512390095,0.2980902155547591,0.22569248886385743,5,0.28885832187070154,0.8734887443423099,727,19531,0.9994554814329781,0.2,5,FALSE
singleR...20,0.8692270501656908,0.8088677739399478,0.9024705492147459,NA,NA,NA,TRUE,midbrain_human,0.9484182341799251,1.5612754119705026,0.2890020992268701,0.22342685986380628,5,0.28823529411764703,0.8748686100829149,510,19531,midbrain_human,0.952453373445051,1.5608420512390095,0.2980902155547591,0.22569248886385743,5,0.28885832187070154,0.8734887443423099,727,19531,0.9994554814329781,0.2,5,FALSE
cellassign...21,0,0,0.5049922457413621,NA,NA,NA,TRUE,midbrain_human,0.9484182341799251,1.5612754119705026,0.2890020992268701,0.22342685986380628,5,0.28823529411764703,0.8748686100829149,510,19531,midbrain_human,0.952453373445051,1.5608420512390095,0.2980902155547591,0.22569248886385743,5,0.28885832187070154,0.8734887443423099,727,19531,0.9994554814329781,0.2,5,FALSE
scmap_cluster...22,0.5994286766215255,0.6062246505076179,0.6402048700698849,0.08752025931928688,13,0.1912479740680713,TRUE,midbrain_human,0.9666960496311674,2.391393262472649,0.27525472326045775,0.2022425887051354,12,0.1695501730103806,0.8768954946198859,867,19531,midbrain_human,0.9711228293078107,2.390385037970697,0.2812708002662434,0.21070349700476163,12,0.17017828200972449,0.8758128518955902,1234,19531,0.9994087109657122,0.5,12,NA
scmap_cell...23,0.27939203565605086,0.45584636292733477,0.44280924095776836,0.47811993517017826,13,0.47811993517017826,TRUE,midbrain_human,0.9666960496311674,2.391393262472649,0.27525472326045775,0.2022425887051354,12,0.1695501730103806,0.8768954946198859,867,19531,midbrain_human,0.9711228293078107,2.390385037970697,0.2812708002662434,0.21070349700476163,12,0.17017828200972449,0.8758128518955902,1234,19531,0.9994087109657122,0.5,12,NA
chetah...24,0.5200977654891512,0.5925622209473365,0.5678161611480672,0.15559157212317667,13,0.15559157212317667,TRUE,midbrain_human,0.9666960496311674,2.391393262472649,0.27525472326045775,0.2022425887051354,12,0.1695501730103806,0.8768954946198859,867,19531,midbrain_human,0.9711228293078107,2.390385037970697,0.2812708002662434,0.21070349700476163,12,0.17017828200972449,0.8758128518955902,1234,19531,0.9994087109657122,0.5,12,NA
singlecellnet...25,0.8857687353173811,0.8814879482551673,0.8975928876214522,8.103727714748784e-4,13,0.18152350081037277,TRUE,midbrain_human,0.9666960496311674,2.391393262472649,0.27525472326045775,0.2022425887051354,12,0.1695501730103806,0.8768954946198859,867,19531,midbrain_human,0.9711228293078107,2.390385037970697,0.2812708002662434,0.21070349700476163,12,0.17017828200972449,0.8758128518955902,1234,19531,0.9994087109657122,0.5,12,NA
garnett...26,0,0,0.316829711045567,1,1,-Inf,TRUE,midbrain_human,0.9666960496311674,2.391393262472649,0.27525472326045775,0.2022425887051354,12,0.1695501730103806,0.8768954946198859,867,19531,midbrain_human,0.9711228293078107,2.390385037970697,0.2812708002662434,0.21070349700476163,12,0.17017828200972449,0.8758128518955902,1234,19531,0.9994087109657122,0.5,12,NA
singleR...27,0.653871886822665,0.664922035477785,0.6911976887368207,0,12,0.1993517017828201,TRUE,midbrain_human,0.9666960496311674,2.391393262472649,0.27525472326045775,0.2022425887051354,12,0.1695501730103806,0.8768954946198859,867,19531,midbrain_human,0.9711228293078107,2.390385037970697,0.2812708002662434,0.21070349700476163,12,0.17017828200972449,0.8758128518955902,1234,19531,0.9994087109657122,0.5,12,NA
cellassign...28,0,0,0.316829711045567,1,1,-Inf,TRUE,midbrain_human,0.9666960496311674,2.391393262472649,0.27525472326045775,0.2022425887051354,12,0.1695501730103806,0.8768954946198859,867,19531,midbrain_human,0.9711228293078107,2.390385037970697,0.2812708002662434,0.21070349700476163,12,0.17017828200972449,0.8758128518955902,1234,19531,0.9994087109657122,0.5,12,NA
scmap_cluster...29,0.9232573324283512,0.7859492131651012,0.9483836030286499,NA,NA,NA,TRUE,midbrain_human,0.9666960496311674,2.391393262472649,0.27525472326045775,0.2022425887051354,12,0.1695501730103806,0.8768954946198859,867,19531,midbrain_human,0.9711228293078107,2.390385037970697,0.2812708002662434,0.21070349700476163,12,0.17017828200972449,0.8758128518955902,1234,19531,0.9994087109657122,0.5,12,TRUE
scmap_cell...30,0.9281516759180878,0.7845194278895864,0.9517104059427023,NA,NA,NA,TRUE,midbrain_human,0.9666960496311674,2.391393262472649,0.27525472326045775,0.2022425887051354,12,0.1695501730103806,0.8768954946198859,867,19531,midbrain_human,0.9711228293078107,2.390385037970697,0.2812708002662434,0.21070349700476163,12,0.17017828200972449,0.8758128518955902,1234,19531,0.9994087109657122,0.5,12,TRUE
chetah...31,0.9591302331973727,0.864846519388545,0.9726012751075849,NA,NA,NA,TRUE,midbrain_human,0.9666960496311674,2.391393262472649,0.27525472326045775,0.2022425887051354,12,0.1695501730103806,0.8768954946198859,867,19531,midbrain_human,0.9711228293078107,2.390385037970697,0.2812708002662434,0.21070349700476163,12,0.17017828200972449,0.8758128518955902,1234,19531,0.9994087109657122,0.5,12,TRUE
singlecellnet...32,0.9612876937636771,0.9130745111947861,0.9741325785741034,NA,NA,NA,TRUE,midbrain_human,0.9666960496311674,2.391393262472649,0.27525472326045775,0.2022425887051354,12,0.1695501730103806,0.8768954946198859,867,19531,midbrain_human,0.9711228293078107,2.390385037970697,0.2812708002662434,0.21070349700476163,12,0.17017828200972449,0.8758128518955902,1234,19531,0.9994087109657122,0.5,12,TRUE
garnett...33,0,0,0.576072661363179,NA,NA,NA,TRUE,midbrain_human,0.9666960496311674,2.391393262472649,0.27525472326045775,0.2022425887051354,12,0.1695501730103806,0.8768954946198859,867,19531,midbrain_human,0.9711228293078107,2.390385037970697,0.2812708002662434,0.21070349700476163,12,0.17017828200972449,0.8758128518955902,1234,19531,0.9994087109657122,0.5,12,TRUE
singleR...34,0.9161077097471758,0.7890478350349058,0.9435597934401891,NA,NA,NA,TRUE,midbrain_human,0.9666960496311674,2.391393262472649,0.27525472326045775,0.2022425887051354,12,0.1695501730103806,0.8768954946198859,867,19531,midbrain_human,0.9711228293078107,2.390385037970697,0.2812708002662434,0.21070349700476163,12,0.17017828200972449,0.8758128518955902,1234,19531,0.9994087109657122,0.5,12,TRUE
cellassign...35,0,0,0.576072661363179,NA,NA,NA,TRUE,midbrain_human,0.9666960496311674,2.391393262472649,0.27525472326045775,0.2022425887051354,12,0.1695501730103806,0.8768954946198859,867,19531,midbrain_human,0.9711228293078107,2.390385037970697,0.2812708002662434,0.21070349700476163,12,0.17017828200972449,0.8758128518955902,1234,19531,0.9994087109657122,0.5,12,TRUE
scmap_cluster...36,0.6069402159503199,0.5795677006710157,0.6516506743331695,NA,NA,NA,TRUE,midbrain_human,0.9666960496311674,2.391393262472649,0.27525472326045775,0.2022425887051354,12,0.1695501730103806,0.8768954946198859,867,19531,midbrain_human,0.9711228293078107,2.390385037970697,0.2812708002662434,0.21070349700476163,12,0.17017828200972449,0.8758128518955902,1234,19531,0.9994087109657122,0.5,12,FALSE
scmap_cell...37,0.2570139049960603,0.40395931584212713,0.4453416501076279,NA,NA,NA,TRUE,midbrain_human,0.9666960496311674,2.391393262472649,0.27525472326045775,0.2022425887051354,12,0.1695501730103806,0.8768954946198859,867,19531,midbrain_human,0.9711228293078107,2.390385037970697,0.2812708002662434,0.21070349700476163,12,0.17017828200972449,0.8758128518955902,1234,19531,0.9994087109657122,0.5,12,FALSE
chetah...38,0.5083401943867989,0.561719459823872,0.5628083538456498,NA,NA,NA,TRUE,midbrain_human,0.9666960496311674,2.391393262472649,0.27525472326045775,0.2022425887051354,12,0.1695501730103806,0.8768954946198859,867,19531,midbrain_human,0.9711228293078107,2.390385037970697,0.2812708002662434,0.21070349700476163,12,0.17017828200972449,0.8758128518955902,1234,19531,0.9994087109657122,0.5,12,FALSE
singlecellnet...39,0.894073495370839,0.8741292394700346,0.9063144430091075,NA,NA,NA,TRUE,midbrain_human,0.9666960496311674,2.391393262472649,0.27525472326045775,0.2022425887051354,12,0.1695501730103806,0.8768954946198859,867,19531,midbrain_human,0.9711228293078107,2.390385037970697,0.2812708002662434,0.21070349700476163,12,0.17017828200972449,0.8758128518955902,1234,19531,0.9994087109657122,0.5,12,FALSE
garnett...40,0,0,0.33584597989691156,NA,NA,NA,TRUE,midbrain_human,0.9666960496311674,2.391393262472649,0.27525472326045775,0.2022425887051354,12,0.1695501730103806,0.8768954946198859,867,19531,midbrain_human,0.9711228293078107,2.390385037970697,0.2812708002662434,0.21070349700476163,12,0.17017828200972449,0.8758128518955902,1234,19531,0.9994087109657122,0.5,12,FALSE
singleR...41,0.6644372022405922,0.6405143026638689,0.7047670593815273,NA,NA,NA,TRUE,midbrain_human,0.9666960496311674,2.391393262472649,0.27525472326045775,0.2022425887051354,12,0.1695501730103806,0.8768954946198859,867,19531,midbrain_human,0.9711228293078107,2.390385037970697,0.2812708002662434,0.21070349700476163,12,0.17017828200972449,0.8758128518955902,1234,19531,0.9994087109657122,0.5,12,FALSE
cellassign...42,0,0,0.33584597989691156,NA,NA,NA,TRUE,midbrain_human,0.9666960496311674,2.391393262472649,0.27525472326045775,0.2022425887051354,12,0.1695501730103806,0.8768954946198859,867,19531,midbrain_human,0.9711228293078107,2.390385037970697,0.2812708002662434,0.21070349700476163,12,0.17017828200972449,0.8758128518955902,1234,19531,0.9994087109657122,0.5,12,FALSE
scmap_cluster...43,0.5443887732693719,0.6069828023425372,0.5764645755557777,0.10473186119873817,21,0.14826498422712933,TRUE,midbrain_human,0.9731028390763193,2.8501231046525386,0.26972505248067175,0.20974348471660442,20,0.13183856502242153,0.8780747084145637,1115,19531,midbrain_human,0.9777949346608044,2.8484249646386024,0.27115867083098666,0.21488915058112742,20,0.13249211356466878,0.8772941245067495,1585,19531,0.9990619141925428,0.8,20,NA
scmap_cell...44,0.11433374177458322,0.35012550020203936,0.3064343893343464,0.6012618296529968,19,0.6012618296529968,TRUE,midbrain_human,0.9731028390763193,2.8501231046525386,0.26972505248067175,0.20974348471660442,20,0.13183856502242153,0.8780747084145637,1115,19531,midbrain_human,0.9777949346608044,2.8484249646386024,0.27115867083098666,0.21488915058112742,20,0.13249211356466878,0.8772941245067495,1585,19531,0.9990619141925428,0.8,20,NA
chetah...45,0.4167946816064568,0.5503074298473176,0.45882560130075783,0.1722397476340694,21,0.1722397476340694,TRUE,midbrain_human,0.9731028390763193,2.8501231046525386,0.26972505248067175,0.20974348471660442,20,0.13183856502242153,0.8780747084145637,1115,19531,midbrain_human,0.9777949346608044,2.8484249646386024,0.27115867083098666,0.21488915058112742,20,0.13249211356466878,0.8772941245067495,1585,19531,0.9990619141925428,0.8,20,NA
singlecellnet...46,0.8657182531463361,0.8749410143479687,0.8753084363778421,6.309148264984228e-4,21,0.14511041009463724,TRUE,midbrain_human,0.9731028390763193,2.8501231046525386,0.26972505248067175,0.20974348471660442,20,0.13183856502242153,0.8780747084145637,1115,19531,midbrain_human,0.9777949346608044,2.8484249646386024,0.27115867083098666,0.21488915058112742,20,0.13249211356466878,0.8772941245067495,1585,19531,0.9990619141925428,0.8,20,NA
garnett...47,0,-3.1181387283368863e-16,0.2587089956959436,1,1,-Inf,TRUE,midbrain_human,0.9731028390763193,2.8501231046525386,0.26972505248067175,0.20974348471660442,20,0.13183856502242153,0.8780747084145637,1115,19531,midbrain_human,0.9777949346608044,2.8484249646386024,0.27115867083098666,0.21488915058112742,20,0.13249211356466878,0.8772941245067495,1585,19531,0.9990619141925428,0.8,20,NA
singleR...48,0.635041712226867,0.6850250877476359,0.6602765930537462,0,20,0.14195583596214512,TRUE,midbrain_human,0.9731028390763193,2.8501231046525386,0.26972505248067175,0.20974348471660442,20,0.13183856502242153,0.8780747084145637,1115,19531,midbrain_human,0.9777949346608044,2.8484249646386024,0.27115867083098666,0.21488915058112742,20,0.13249211356466878,0.8772941245067495,1585,19531,0.9990619141925428,0.8,20,NA
cellassign...49,0,-3.1181387283368863e-16,0.2587089956959436,1,1,-Inf,TRUE,midbrain_human,0.9731028390763193,2.8501231046525386,0.26972505248067175,0.20974348471660442,20,0.13183856502242153,0.8780747084145637,1115,19531,midbrain_human,0.9777949346608044,2.8484249646386024,0.27115867083098666,0.21488915058112742,20,0.13249211356466878,0.8772941245067495,1585,19531,0.9990619141925428,0.8,20,NA
scmap_cluster...50,0.8999029554477282,0.8879897846506579,0.9255372534209524,NA,NA,NA,TRUE,midbrain_human,0.9731028390763193,2.8501231046525386,0.26972505248067175,0.20974348471660442,20,0.13183856502242153,0.8780747084145637,1115,19531,midbrain_human,0.9777949346608044,2.8484249646386024,0.27115867083098666,0.21488915058112742,20,0.13249211356466878,0.8772941245067495,1585,19531,0.9990619141925428,0.8,20,TRUE
scmap_cell...51,0.9025526106948455,0.889924138489422,0.9274837061564282,NA,NA,NA,TRUE,midbrain_human,0.9731028390763193,2.8501231046525386,0.26972505248067175,0.20974348471660442,20,0.13183856502242153,0.8780747084145637,1115,19531,midbrain_human,0.9777949346608044,2.8484249646386024,0.27115867083098666,0.21488915058112742,20,0.13249211356466878,0.8772941245067495,1585,19531,0.9990619141925428,0.8,20,TRUE
chetah...52,0.857475279728902,0.8218468415940093,0.8941536353003116,NA,NA,NA,TRUE,midbrain_human,0.9731028390763193,2.8501231046525386,0.26972505248067175,0.20974348471660442,20,0.13183856502242153,0.8780747084145637,1115,19531,midbrain_human,0.9777949346608044,2.8484249646386024,0.27115867083098666,0.21488915058112742,20,0.13249211356466878,0.8772941245067495,1585,19531,0.9990619141925428,0.8,20,TRUE
singlecellnet...53,0.9507131458171519,0.922188819049314,0.9635575841878463,NA,NA,NA,TRUE,midbrain_human,0.9731028390763193,2.8501231046525386,0.26972505248067175,0.20974348471660442,20,0.13183856502242153,0.8780747084145637,1115,19531,midbrain_human,0.9777949346608044,2.8484249646386024,0.27115867083098666,0.21488915058112742,20,0.13249211356466878,0.8772941245067495,1585,19531,0.9990619141925428,0.8,20,TRUE
garnett...54,0,0,0.5085207339517287,NA,NA,NA,TRUE,midbrain_human,0.9731028390763193,2.8501231046525386,0.26972505248067175,0.20974348471660442,20,0.13183856502242153,0.8780747084145637,1115,19531,midbrain_human,0.9777949346608044,2.8484249646386024,0.27115867083098666,0.21488915058112742,20,0.13249211356466878,0.8772941245067495,1585,19531,0.9990619141925428,0.8,20,TRUE
singleR...55,0.9117922775170446,0.8502637411254137,0.9346154677995778,NA,NA,NA,TRUE,midbrain_human,0.9731028390763193,2.8501231046525386,0.26972505248067175,0.20974348471660442,20,0.13183856502242153,0.8780747084145637,1115,19531,midbrain_human,0.9777949346608044,2.8484249646386024,0.27115867083098666,0.21488915058112742,20,0.13249211356466878,0.8772941245067495,1585,19531,0.9990619141925428,0.8,20,TRUE
cellassign...56,0,0,0.5085207339517287,NA,NA,NA,TRUE,midbrain_human,0.9731028390763193,2.8501231046525386,0.26972505248067175,0.20974348471660442,20,0.13183856502242153,0.8780747084145637,1115,19531,midbrain_human,0.9777949346608044,2.8484249646386024,0.27115867083098666,0.21488915058112742,20,0.13249211356466878,0.8772941245067495,1585,19531,0.9990619141925428,0.8,20,TRUE
scmap_cluster...57,0.5410550140766416,0.5940569318652547,0.575003966919801,NA,NA,NA,TRUE,midbrain_human,0.9731028390763193,2.8501231046525386,0.26972505248067175,0.20974348471660442,20,0.13183856502242153,0.8780747084145637,1115,19531,midbrain_human,0.9777949346608044,2.8484249646386024,0.27115867083098666,0.21488915058112742,20,0.13249211356466878,0.8772941245067495,1585,19531,0.9990619141925428,0.8,20,FALSE
scmap_cell...58,0.10726138777943875,0.322539521502931,0.3087194699841173,NA,NA,NA,TRUE,midbrain_human,0.9731028390763193,2.8501231046525386,0.26972505248067175,0.20974348471660442,20,0.13183856502242153,0.8780747084145637,1115,19531,midbrain_human,0.9777949346608044,2.8484249646386024,0.27115867083098666,0.21488915058112742,20,0.13249211356466878,0.8772941245067495,1585,19531,0.9990619141925428,0.8,20,FALSE
chetah...59,0.4110084777419095,0.5374549959942746,0.4556238294552718,NA,NA,NA,TRUE,midbrain_human,0.9731028390763193,2.8501231046525386,0.26972505248067175,0.20974348471660442,20,0.13183856502242153,0.8780747084145637,1115,19531,midbrain_human,0.9777949346608044,2.8484249646386024,0.27115867083098666,0.21488915058112742,20,0.13249211356466878,0.8772941245067495,1585,19531,0.9990619141925428,0.8,20,FALSE
singlecellnet...60,0.8664123871191088,0.871392841482598,0.8764505715010047,NA,NA,NA,TRUE,midbrain_human,0.9731028390763193,2.8501231046525386,0.26972505248067175,0.20974348471660442,20,0.13183856502242153,0.8780747084145637,1115,19531,midbrain_human,0.9777949346608044,2.8484249646386024,0.27115867083098666,0.21488915058112742,20,0.13249211356466878,0.8772941245067495,1585,19531,0.9990619141925428,0.8,20,FALSE
garnett...61,0,3.1572314440481037e-16,0.2654066973417122,NA,NA,NA,TRUE,midbrain_human,0.9731028390763193,2.8501231046525386,0.26972505248067175,0.20974348471660442,20,0.13183856502242153,0.8780747084145637,1115,19531,midbrain_human,0.9777949346608044,2.8484249646386024,0.27115867083098666,0.21488915058112742,20,0.13249211356466878,0.8772941245067495,1585,19531,0.9990619141925428,0.8,20,FALSE
singleR...62,0.6343476175287921,0.6770714963498705,0.6608350377068137,NA,NA,NA,TRUE,midbrain_human,0.9731028390763193,2.8501231046525386,0.26972505248067175,0.20974348471660442,20,0.13183856502242153,0.8780747084145637,1115,19531,midbrain_human,0.9777949346608044,2.8484249646386024,0.27115867083098666,0.21488915058112742,20,0.13249211356466878,0.8772941245067495,1585,19531,0.9990619141925428,0.8,20,FALSE
cellassign...63,0,3.1572314440481037e-16,0.2654066973417122,NA,NA,NA,TRUE,midbrain_human,0.9731028390763193,2.8501231046525386,0.26972505248067175,0.20974348471660442,20,0.13183856502242153,0.8780747084145637,1115,19531,midbrain_human,0.9777949346608044,2.8484249646386024,0.27115867083098666,0.21488915058112742,20,0.13249211356466878,0.8772941245067495,1585,19531,0.9990619141925428,0.8,20,FALSE
scmap_cluster...64,0.5443887732693719,0.6069828023425372,0.5764645755557777,0.10473186119873817,21,0.14826498422712933,TRUE,midbrain_human,0.9731028390763193,2.8501231046525386,0.26972505248067175,0.20974348471660442,20,0.13183856502242153,0.8780747084145637,1115,19531,midbrain_human,0.9777949346608044,2.8484249646386024,0.27115867083098666,0.21488915058112742,20,0.13249211356466878,0.8772941245067495,1585,19531,0.9990619141925428,0.8,20,NA
scmap_cell...65,0.11433374177458322,0.35012550020203936,0.3064343893343464,0.6012618296529968,19,0.6012618296529968,TRUE,midbrain_human,0.9731028390763193,2.8501231046525386,0.26972505248067175,0.20974348471660442,20,0.13183856502242153,0.8780747084145637,1115,19531,midbrain_human,0.9777949346608044,2.8484249646386024,0.27115867083098666,0.21488915058112742,20,0.13249211356466878,0.8772941245067495,1585,19531,0.9990619141925428,0.8,20,NA
chetah...66,0.4167946816064568,0.5503074298473176,0.45882560130075783,0.1722397476340694,21,0.1722397476340694,TRUE,midbrain_human,0.9731028390763193,2.8501231046525386,0.26972505248067175,0.20974348471660442,20,0.13183856502242153,0.8780747084145637,1115,19531,midbrain_human,0.9777949346608044,2.8484249646386024,0.27115867083098666,0.21488915058112742,20,0.13249211356466878,0.8772941245067495,1585,19531,0.9990619141925428,0.8,20,NA
singlecellnet...67,0.8657182531463361,0.8749410143479687,0.8753084363778421,6.309148264984228e-4,21,0.14511041009463724,TRUE,midbrain_human,0.9731028390763193,2.8501231046525386,0.26972505248067175,0.20974348471660442,20,0.13183856502242153,0.8780747084145637,1115,19531,midbrain_human,0.9777949346608044,2.8484249646386024,0.27115867083098666,0.21488915058112742,20,0.13249211356466878,0.8772941245067495,1585,19531,0.9990619141925428,0.8,20,NA
garnett...68,0,-3.1181387283368863e-16,0.2587089956959436,1,1,-Inf,TRUE,midbrain_human,0.9731028390763193,2.8501231046525386,0.26972505248067175,0.20974348471660442,20,0.13183856502242153,0.8780747084145637,1115,19531,midbrain_human,0.9777949346608044,2.8484249646386024,0.27115867083098666,0.21488915058112742,20,0.13249211356466878,0.8772941245067495,1585,19531,0.9990619141925428,0.8,20,NA
singleR...69,0.635041712226867,0.6850250877476359,0.6602765930537462,0,20,0.14195583596214512,TRUE,midbrain_human,0.9731028390763193,2.8501231046525386,0.26972505248067175,0.20974348471660442,20,0.13183856502242153,0.8780747084145637,1115,19531,midbrain_human,0.9777949346608044,2.8484249646386024,0.27115867083098666,0.21488915058112742,20,0.13249211356466878,0.8772941245067495,1585,19531,0.9990619141925428,0.8,20,NA
cellassign...70,0,-3.1181387283368863e-16,0.2587089956959436,1,1,-Inf,TRUE,midbrain_human,0.9731028390763193,2.8501231046525386,0.26972505248067175,0.20974348471660442,20,0.13183856502242153,0.8780747084145637,1115,19531,midbrain_human,0.9777949346608044,2.8484249646386024,0.27115867083098666,0.21488915058112742,20,0.13249211356466878,0.8772941245067495,1585,19531,0.9990619141925428,0.8,20,NA
scmap_cluster...71,0.8999029554477282,0.8879897846506579,0.9255372534209524,NA,NA,NA,TRUE,midbrain_human,0.9731028390763193,2.8501231046525386,0.26972505248067175,0.20974348471660442,20,0.13183856502242153,0.8780747084145637,1115,19531,midbrain_human,0.9777949346608044,2.8484249646386024,0.27115867083098666,0.21488915058112742,20,0.13249211356466878,0.8772941245067495,1585,19531,0.9990619141925428,0.8,20,TRUE
scmap_cell...72,0.9025526106948455,0.889924138489422,0.9274837061564282,NA,NA,NA,TRUE,midbrain_human,0.9731028390763193,2.8501231046525386,0.26972505248067175,0.20974348471660442,20,0.13183856502242153,0.8780747084145637,1115,19531,midbrain_human,0.9777949346608044,2.8484249646386024,0.27115867083098666,0.21488915058112742,20,0.13249211356466878,0.8772941245067495,1585,19531,0.9990619141925428,0.8,20,TRUE
chetah...73,0.857475279728902,0.8218468415940093,0.8941536353003116,NA,NA,NA,TRUE,midbrain_human,0.9731028390763193,2.8501231046525386,0.26972505248067175,0.20974348471660442,20,0.13183856502242153,0.8780747084145637,1115,19531,midbrain_human,0.9777949346608044,2.8484249646386024,0.27115867083098666,0.21488915058112742,20,0.13249211356466878,0.8772941245067495,1585,19531,0.9990619141925428,0.8,20,TRUE
singlecellnet...74,0.9507131458171519,0.922188819049314,0.9635575841878463,NA,NA,NA,TRUE,midbrain_human,0.9731028390763193,2.8501231046525386,0.26972505248067175,0.20974348471660442,20,0.13183856502242153,0.8780747084145637,1115,19531,midbrain_human,0.9777949346608044,2.8484249646386024,0.27115867083098666,0.21488915058112742,20,0.13249211356466878,0.8772941245067495,1585,19531,0.9990619141925428,0.8,20,TRUE
garnett...75,0,0,0.5085207339517287,NA,NA,NA,TRUE,midbrain_human,0.9731028390763193,2.8501231046525386,0.26972505248067175,0.20974348471660442,20,0.13183856502242153,0.8780747084145637,1115,19531,midbrain_human,0.9777949346608044,2.8484249646386024,0.27115867083098666,0.21488915058112742,20,0.13249211356466878,0.8772941245067495,1585,19531,0.9990619141925428,0.8,20,TRUE
singleR...76,0.9117922775170446,0.8502637411254137,0.9346154677995778,NA,NA,NA,TRUE,midbrain_human,0.9731028390763193,2.8501231046525386,0.26972505248067175,0.20974348471660442,20,0.13183856502242153,0.8780747084145637,1115,19531,midbrain_human,0.9777949346608044,2.8484249646386024,0.27115867083098666,0.21488915058112742,20,0.13249211356466878,0.8772941245067495,1585,19531,0.9990619141925428,0.8,20,TRUE
cellassign...77,0,0,0.5085207339517287,NA,NA,NA,TRUE,midbrain_human,0.9731028390763193,2.8501231046525386,0.26972505248067175,0.20974348471660442,20,0.13183856502242153,0.8780747084145637,1115,19531,midbrain_human,0.9777949346608044,2.8484249646386024,0.27115867083098666,0.21488915058112742,20,0.13249211356466878,0.8772941245067495,1585,19531,0.9990619141925428,0.8,20,TRUE
scmap_cluster...78,0.5410550140766416,0.5940569318652547,0.575003966919801,NA,NA,NA,TRUE,midbrain_human,0.9731028390763193,2.8501231046525386,0.26972505248067175,0.20974348471660442,20,0.13183856502242153,0.8780747084145637,1115,19531,midbrain_human,0.9777949346608044,2.8484249646386024,0.27115867083098666,0.21488915058112742,20,0.13249211356466878,0.8772941245067495,1585,19531,0.9990619141925428,0.8,20,FALSE
scmap_cell...79,0.10726138777943875,0.322539521502931,0.3087194699841173,NA,NA,NA,TRUE,midbrain_human,0.9731028390763193,2.8501231046525386,0.26972505248067175,0.20974348471660442,20,0.13183856502242153,0.8780747084145637,1115,19531,midbrain_human,0.9777949346608044,2.8484249646386024,0.27115867083098666,0.21488915058112742,20,0.13249211356466878,0.8772941245067495,1585,19531,0.9990619141925428,0.8,20,FALSE
chetah...80,0.4110084777419095,0.5374549959942746,0.4556238294552718,NA,NA,NA,TRUE,midbrain_human,0.9731028390763193,2.8501231046525386,0.26972505248067175,0.20974348471660442,20,0.13183856502242153,0.8780747084145637,1115,19531,midbrain_human,0.9777949346608044,2.8484249646386024,0.27115867083098666,0.21488915058112742,20,0.13249211356466878,0.8772941245067495,1585,19531,0.9990619141925428,0.8,20,FALSE
singlecellnet...81,0.8664123871191088,0.871392841482598,0.8764505715010047,NA,NA,NA,TRUE,midbrain_human,0.9731028390763193,2.8501231046525386,0.26972505248067175,0.20974348471660442,20,0.13183856502242153,0.8780747084145637,1115,19531,midbrain_human,0.9777949346608044,2.8484249646386024,0.27115867083098666,0.21488915058112742,20,0.13249211356466878,0.8772941245067495,1585,19531,0.9990619141925428,0.8,20,FALSE
garnett...82,0,3.1572314440481037e-16,0.2654066973417122,NA,NA,NA,TRUE,midbrain_human,0.9731028390763193,2.8501231046525386,0.26972505248067175,0.20974348471660442,20,0.13183856502242153,0.8780747084145637,1115,19531,midbrain_human,0.9777949346608044,2.8484249646386024,0.27115867083098666,0.21488915058112742,20,0.13249211356466878,0.8772941245067495,1585,19531,0.9990619141925428,0.8,20,FALSE
singleR...83,0.6343476175287921,0.6770714963498705,0.6608350377068137,NA,NA,NA,TRUE,midbrain_human,0.9731028390763193,2.8501231046525386,0.26972505248067175,0.20974348471660442,20,0.13183856502242153,0.8780747084145637,1115,19531,midbrain_human,0.9777949346608044,2.8484249646386024,0.27115867083098666,0.21488915058112742,20,0.13249211356466878,0.8772941245067495,1585,19531,0.9990619141925428,0.8,20,FALSE
cellassign...84,0,3.1572314440481037e-16,0.2654066973417122,NA,NA,NA,TRUE,midbrain_human,0.9731028390763193,2.8501231046525386,0.26972505248067175,0.20974348471660442,20,0.13183856502242153,0.8780747084145637,1115,19531,midbrain_human,0.9777949346608044,2.8484249646386024,0.27115867083098666,0.21488915058112742,20,0.13249211356466878,0.8772941245067495,1585,19531,0.9990619141925428,0.8,20,FALSE
seurat...85,0,0,0.4677746418141777,NA,1,-Inf,FALSE,midbrain_human,0.9484182341799251,1.5612754119705026,0.2890020992268701,0.22342685986380628,5,0.28823529411764703,0.8748686100829149,510,19531,midbrain_human,0.952453373445051,1.5608420512390095,0.2980902155547591,0.22569248886385743,5,0.28885832187070154,0.8734887443423099,727,19531,0.9994554814329781,0.2,5,NA
tscan...86,0.10797211834512797,0.18983955996796112,0.2746460270049898,NA,8,0.24346629986244842,FALSE,midbrain_human,0.9484182341799251,1.5612754119705026,0.2890020992268701,0.22342685986380628,5,0.28823529411764703,0.8748686100829149,510,19531,midbrain_human,0.952453373445051,1.5608420512390095,0.2980902155547591,0.22569248886385743,5,0.28885832187070154,0.8734887443423099,727,19531,0.9994554814329781,0.2,5,NA
sc3...87,0.6249707580207132,0.6358504506167487,0.7023910770957006,NA,8,0.24346629986244842,FALSE,midbrain_human,0.9484182341799251,1.5612754119705026,0.2890020992268701,0.22342685986380628,5,0.28823529411764703,0.8748686100829149,510,19531,midbrain_human,0.952453373445051,1.5608420512390095,0.2980902155547591,0.22569248886385743,5,0.28885832187070154,0.8734887443423099,727,19531,0.9994554814329781,0.2,5,NA
liger...88,0.30828987980138206,0.36467387389234845,0.5844221472212937,NA,8,0.7015130674002751,FALSE,midbrain_human,0.9484182341799251,1.5612754119705026,0.2890020992268701,0.22342685986380628,5,0.28823529411764703,0.8748686100829149,510,19531,midbrain_human,0.952453373445051,1.5608420512390095,0.2980902155547591,0.22569248886385743,5,0.28885832187070154,0.8734887443423099,727,19531,0.9994554814329781,0.2,5,NA
cidr...89,0.3863001828325251,0.440186944359854,0.5040551711476504,NA,9,0.20220082530949107,FALSE,midbrain_human,0.9484182341799251,1.5612754119705026,0.2890020992268701,0.22342685986380628,5,0.28823529411764703,0.8748686100829149,510,19531,midbrain_human,0.952453373445051,1.5608420512390095,0.2980902155547591,0.22569248886385743,5,0.28885832187070154,0.8734887443423099,727,19531,0.9994554814329781,0.2,5,NA
monocle3...90,0,0,0.4677746418141777,NA,1,1,FALSE,midbrain_human,0.9484182341799251,1.5612754119705026,0.2890020992268701,0.22342685986380628,5,0.28823529411764703,0.8748686100829149,510,19531,midbrain_human,0.952453373445051,1.5608420512390095,0.2980902155547591,0.22569248886385743,5,0.28885832187070154,0.8734887443423099,727,19531,0.9994554814329781,0.2,5,NA
pcaReduce...91,0.2749156453599819,0.42155366395497035,0.4159754706032732,NA,17,0.08390646492434663,FALSE,midbrain_human,0.9484182341799251,1.5612754119705026,0.2890020992268701,0.22342685986380628,5,0.28823529411764703,0.8748686100829149,510,19531,midbrain_human,0.952453373445051,1.5608420512390095,0.2980902155547591,0.22569248886385743,5,0.28885832187070154,0.8734887443423099,727,19531,0.9994554814329781,0.2,5,NA
seurat...92,0,0,0.8578215883928642,NA,NA,NA,FALSE,midbrain_human,0.9484182341799251,1.5612754119705026,0.2890020992268701,0.22342685986380628,5,0.28823529411764703,0.8748686100829149,510,19531,midbrain_human,0.952453373445051,1.5608420512390095,0.2980902155547591,0.22569248886385743,5,0.28885832187070154,0.8734887443423099,727,19531,0.9994554814329781,0.2,5,TRUE
tscan...93,0.07744187197110473,0.10397545851650011,0.5190767454421301,NA,NA,NA,FALSE,midbrain_human,0.9484182341799251,1.5612754119705026,0.2890020992268701,0.22342685986380628,5,0.28823529411764703,0.8748686100829149,510,19531,midbrain_human,0.952453373445051,1.5608420512390095,0.2980902155547591,0.22569248886385743,5,0.28885832187070154,0.8734887443423099,727,19531,0.9994554814329781,0.2,5,TRUE
sc3...94,0.7849238731801801,0.6535697469158764,0.9380739737829772,NA,NA,NA,FALSE,midbrain_human,0.9484182341799251,1.5612754119705026,0.2890020992268701,0.22342685986380628,5,0.28823529411764703,0.8748686100829149,510,19531,midbrain_human,0.952453373445051,1.5608420512390095,0.2980902155547591,0.22569248886385743,5,0.28885832187070154,0.8734887443423099,727,19531,0.9994554814329781,0.2,5,TRUE
liger...95,0.10900025352826838,0.07533840719159114,0.7531097010543604,NA,NA,NA,FALSE,midbrain_human,0.9484182341799251,1.5612754119705026,0.2890020992268701,0.22342685986380628,5,0.28823529411764703,0.8748686100829149,510,19531,midbrain_human,0.952453373445051,1.5608420512390095,0.2980902155547591,0.22569248886385743,5,0.28885832187070154,0.8734887443423099,727,19531,0.9994554814329781,0.2,5,TRUE
cidr...96,0.2848271157576194,0.20004886587223653,0.6820384837506459,NA,NA,NA,FALSE,midbrain_human,0.9484182341799251,1.5612754119705026,0.2890020992268701,0.22342685986380628,5,0.28823529411764703,0.8748686100829149,510,19531,midbrain_human,0.952453373445051,1.5608420512390095,0.2980902155547591,0.22569248886385743,5,0.28885832187070154,0.8734887443423099,727,19531,0.9994554814329781,0.2,5,TRUE
monocle3...97,0,0,0.8578215883928642,NA,NA,NA,FALSE,midbrain_human,0.9484182341799251,1.5612754119705026,0.2890020992268701,0.22342685986380628,5,0.28823529411764703,0.8748686100829149,510,19531,midbrain_human,0.952453373445051,1.5608420512390095,0.2980902155547591,0.22569248886385743,5,0.28885832187070154,0.8734887443423099,727,19531,0.9994554814329781,0.2,5,TRUE
pcaReduce...98,0.31539036202432114,0.3461486289271935,0.6845207779313895,NA,NA,NA,FALSE,midbrain_human,0.9484182341799251,1.5612754119705026,0.2890020992268701,0.22342685986380628,5,0.28823529411764703,0.8748686100829149,510,19531,midbrain_human,0.952453373445051,1.5608420512390095,0.2980902155547591,0.22569248886385743,5,0.28885832187070154,0.8734887443423099,727,19531,0.9994554814329781,0.2,5,TRUE
seurat...99,0,0,0.5049922457413621,NA,NA,NA,FALSE,midbrain_human,0.9484182341799251,1.5612754119705026,0.2890020992268701,0.22342685986380628,5,0.28823529411764703,0.8748686100829149,510,19531,midbrain_human,0.952453373445051,1.5608420512390095,0.2980902155547591,0.22569248886385743,5,0.28885832187070154,0.8734887443423099,727,19531,0.9994554814329781,0.2,5,FALSE
tscan...100,0.11562819131843681,0.19666298000196228,0.29195948965460794,NA,NA,NA,FALSE,midbrain_human,0.9484182341799251,1.5612754119705026,0.2890020992268701,0.22342685986380628,5,0.28823529411764703,0.8748686100829149,510,19531,midbrain_human,0.952453373445051,1.5608420512390095,0.2980902155547591,0.22569248886385743,5,0.28885832187070154,0.8734887443423099,727,19531,0.9994554814329781,0.2,5,FALSE
sc3...101,0.6026125113952278,0.5893916603218559,0.6969274415466116,NA,NA,NA,FALSE,midbrain_human,0.9484182341799251,1.5612754119705026,0.2890020992268701,0.22342685986380628,5,0.28823529411764703,0.8748686100829149,510,19531,midbrain_human,0.952453373445051,1.5608420512390095,0.2980902155547591,0.22569248886385743,5,0.28885832187070154,0.8734887443423099,727,19531,0.9994554814329781,0.2,5,FALSE
liger...102,0.24950335737117973,0.3112322308604189,0.5914415938690815,NA,NA,NA,FALSE,midbrain_human,0.9484182341799251,1.5612754119705026,0.2890020992268701,0.22342685986380628,5,0.28823529411764703,0.8748686100829149,510,19531,midbrain_human,0.952453373445051,1.5608420512390095,0.2980902155547591,0.22569248886385743,5,0.28885832187070154,0.8734887443423099,727,19531,0.9994554814329781,0.2,5,FALSE
cidr...103,0.3915712239568745,0.4197571294177629,0.5256971655429359,NA,NA,NA,FALSE,midbrain_human,0.9484182341799251,1.5612754119705026,0.2890020992268701,0.22342685986380628,5,0.28823529411764703,0.8748686100829149,510,19531,midbrain_human,0.952453373445051,1.5608420512390095,0.2980902155547591,0.22569248886385743,5,0.28885832187070154,0.8734887443423099,727,19531,0.9994554814329781,0.2,5,FALSE
monocle3...104,0,0,0.5049922457413621,NA,NA,NA,FALSE,midbrain_human,0.9484182341799251,1.5612754119705026,0.2890020992268701,0.22342685986380628,5,0.28823529411764703,0.8748686100829149,510,19531,midbrain_human,0.952453373445051,1.5608420512390095,0.2980902155547591,0.22569248886385743,5,0.28885832187070154,0.8734887443423099,727,19531,0.9994554814329781,0.2,5,FALSE
pcaReduce...105,0.2521524704750866,0.3891092340018932,0.4079464338189717,NA,NA,NA,FALSE,midbrain_human,0.9484182341799251,1.5612754119705026,0.2890020992268701,0.22342685986380628,5,0.28823529411764703,0.8748686100829149,510,19531,midbrain_human,0.952453373445051,1.5608420512390095,0.2980902155547591,0.22569248886385743,5,0.28885832187070154,0.8734887443423099,727,19531,0.9994554814329781,0.2,5,FALSE
seurat...106,0,0,0.316829711045567,NA,1,-Inf,FALSE,midbrain_human,0.9666960496311674,2.391393262472649,0.27525472326045775,0.2022425887051354,12,0.1695501730103806,0.8768954946198859,867,19531,midbrain_human,0.9711228293078107,2.390385037970697,0.2812708002662434,0.21070349700476163,12,0.17017828200972449,0.8758128518955902,1234,19531,0.9994087109657122,0.5,12,NA
tscan...107,0.07829321507900172,0.13026272518506288,0.18908865616762233,NA,8,0.20745542949756887,FALSE,midbrain_human,0.9666960496311674,2.391393262472649,0.27525472326045775,0.2022425887051354,12,0.1695501730103806,0.8768954946198859,867,19531,midbrain_human,0.9711228293078107,2.390385037970697,0.2812708002662434,0.21070349700476163,12,0.17017828200972449,0.8758128518955902,1234,19531,0.9994087109657122,0.5,12,NA
sc3...108,0.47171278653293697,0.5042449059591746,0.544676321630022,NA,8,0.21312803889789303,FALSE,midbrain_human,0.9666960496311674,2.391393262472649,0.27525472326045775,0.2022425887051354,12,0.1695501730103806,0.8768954946198859,867,19531,midbrain_human,0.9711228293078107,2.390385037970697,0.2812708002662434,0.21070349700476163,12,0.17017828200972449,0.8758128518955902,1234,19531,0.9994087109657122,0.5,12,NA
liger...109,0.1531107603255539,0.305655172088155,0.40311405070958356,NA,8,0.7025931928687196,FALSE,midbrain_human,0.9666960496311674,2.391393262472649,0.27525472326045775,0.2022425887051354,12,0.1695501730103806,0.8768954946198859,867,19531,midbrain_human,0.9711228293078107,2.390385037970697,0.2812708002662434,0.21070349700476163,12,0.17017828200972449,0.8758128518955902,1234,19531,0.9994087109657122,0.5,12,NA
cidr...110,0.09091205216426942,0.2244831168637502,0.2673590351302715,NA,5,0.49270664505672607,FALSE,midbrain_human,0.9666960496311674,2.391393262472649,0.27525472326045775,0.2022425887051354,12,0.1695501730103806,0.8768954946198859,867,19531,midbrain_human,0.9711228293078107,2.390385037970697,0.2812708002662434,0.21070349700476163,12,0.17017828200972449,0.8758128518955902,1234,19531,0.9994087109657122,0.5,12,NA
monocle3...111,0.10826515598162637,0.25241839127682286,0.38595951001527273,NA,3,0.7876823338735819,FALSE,midbrain_human,0.9666960496311674,2.391393262472649,0.27525472326045775,0.2022425887051354,12,0.1695501730103806,0.8768954946198859,867,19531,midbrain_human,0.9711228293078107,2.390385037970697,0.2812708002662434,0.21070349700476163,12,0.17017828200972449,0.8758128518955902,1234,19531,0.9994087109657122,0.5,12,NA
pcaReduce...112,0.34848938914778443,0.4896715011731546,0.4099523535027397,NA,17,0.09967585089141005,FALSE,midbrain_human,0.9666960496311674,2.391393262472649,0.27525472326045775,0.2022425887051354,12,0.1695501730103806,0.8768954946198859,867,19531,midbrain_human,0.9711228293078107,2.390385037970697,0.2812708002662434,0.21070349700476163,12,0.17017828200972449,0.8758128518955902,1234,19531,0.9994087109657122,0.5,12,NA
seurat...113,0,0,0.576072661363179,NA,NA,NA,FALSE,midbrain_human,0.9666960496311674,2.391393262472649,0.27525472326045775,0.2022425887051354,12,0.1695501730103806,0.8768954946198859,867,19531,midbrain_human,0.9711228293078107,2.390385037970697,0.2812708002662434,0.21070349700476163,12,0.17017828200972449,0.8758128518955902,1234,19531,0.9994087109657122,0.5,12,TRUE
tscan...114,0.13652848704649398,0.24401610493794407,0.33410959624123915,NA,NA,NA,FALSE,midbrain_human,0.9666960496311674,2.391393262472649,0.27525472326045775,0.2022425887051354,12,0.1695501730103806,0.8768954946198859,867,19531,midbrain_human,0.9711228293078107,2.390385037970697,0.2812708002662434,0.21070349700476163,12,0.17017828200972449,0.8758128518955902,1234,19531,0.9994087109657122,0.5,12,TRUE
sc3...115,0.9299432448694527,0.86112116796868,0.9535049911557737,NA,NA,NA,FALSE,midbrain_human,0.9666960496311674,2.391393262472649,0.27525472326045775,0.2022425887051354,12,0.1695501730103806,0.8768954946198859,867,19531,midbrain_human,0.9711228293078107,2.390385037970697,0.2812708002662434,0.21070349700476163,12,0.17017828200972449,0.8758128518955902,1234,19531,0.9994087109657122,0.5,12,TRUE
liger...116,0.43271631390014825,0.3806253849428907,0.6677748783159274,NA,NA,NA,FALSE,midbrain_human,0.9666960496311674,2.391393262472649,0.27525472326045775,0.2022425887051354,12,0.1695501730103806,0.8768954946198859,867,19531,midbrain_human,0.9711228293078107,2.390385037970697,0.2812708002662434,0.21070349700476163,12,0.17017828200972449,0.8758128518955902,1234,19531,0.9994087109657122,0.5,12,TRUE
cidr...117,0.4115075810884557,0.35663170538247985,0.6725284108337624,NA,NA,NA,FALSE,midbrain_human,0.9666960496311674,2.391393262472649,0.27525472326045775,0.2022425887051354,12,0.1695501730103806,0.8768954946198859,867,19531,midbrain_human,0.9711228293078107,2.390385037970697,0.2812708002662434,0.21070349700476163,12,0.17017828200972449,0.8758128518955902,1234,19531,0.9994087109657122,0.5,12,TRUE
monocle3...118,0.6681706477965992,0.506150403765434,0.8167383983714783,NA,NA,NA,FALSE,midbrain_human,0.9666960496311674,2.391393262472649,0.27525472326045775,0.2022425887051354,12,0.1695501730103806,0.8768954946198859,867,19531,midbrain_human,0.9711228293078107,2.390385037970697,0.2812708002662434,0.21070349700476163,12,0.17017828200972449,0.8758128518955902,1234,19531,0.9994087109657122,0.5,12,TRUE
pcaReduce...119,0.9078556901556226,0.7269970182073437,0.9380368037217967,NA,NA,NA,FALSE,midbrain_human,0.9666960496311674,2.391393262472649,0.27525472326045775,0.2022425887051354,12,0.1695501730103806,0.8768954946198859,867,19531,midbrain_human,0.9711228293078107,2.390385037970697,0.2812708002662434,0.21070349700476163,12,0.17017828200972449,0.8758128518955902,1234,19531,0.9994087109657122,0.5,12,TRUE
seurat...120,0,0,0.33584597989691156,NA,NA,NA,FALSE,midbrain_human,0.9666960496311674,2.391393262472649,0.27525472326045775,0.2022425887051354,12,0.1695501730103806,0.8768954946198859,867,19531,midbrain_human,0.9711228293078107,2.390385037970697,0.2812708002662434,0.21070349700476163,12,0.17017828200972449,0.8758128518955902,1234,19531,0.9994087109657122,0.5,12,FALSE
tscan...121,0.0824823892213997,0.13567082132036437,0.198936911402997,NA,NA,NA,FALSE,midbrain_human,0.9666960496311674,2.391393262472649,0.27525472326045775,0.2022425887051354,12,0.1695501730103806,0.8768954946198859,867,19531,midbrain_human,0.9711228293078107,2.390385037970697,0.2812708002662434,0.21070349700476163,12,0.17017828200972449,0.8758128518955902,1234,19531,0.9994087109657122,0.5,12,FALSE
sc3...122,0.4711144538471631,0.4667176732815253,0.5494636204571375,NA,NA,NA,FALSE,midbrain_human,0.9666960496311674,2.391393262472649,0.27525472326045775,0.2022425887051354,12,0.1695501730103806,0.8768954946198859,867,19531,midbrain_human,0.9711228293078107,2.390385037970697,0.2812708002662434,0.21070349700476163,12,0.17017828200972449,0.8758128518955902,1234,19531,0.9994087109657122,0.5,12,FALSE
liger...123,0.12429951686159195,0.2631044317985979,0.4034042023395124,NA,NA,NA,FALSE,midbrain_human,0.9666960496311674,2.391393262472649,0.27525472326045775,0.2022425887051354,12,0.1695501730103806,0.8768954946198859,867,19531,midbrain_human,0.9711228293078107,2.390385037970697,0.2812708002662434,0.21070349700476163,12,0.17017828200972449,0.8758128518955902,1234,19531,0.9994087109657122,0.5,12,FALSE
cidr...124,0.10478381583073887,0.22992651689863297,0.28123448360891246,NA,NA,NA,FALSE,midbrain_human,0.9666960496311674,2.391393262472649,0.27525472326045775,0.2022425887051354,12,0.1695501730103806,0.8768954946198859,867,19531,midbrain_human,0.9711228293078107,2.390385037970697,0.2812708002662434,0.21070349700476163,12,0.17017828200972449,0.8758128518955902,1234,19531,0.9994087109657122,0.5,12,FALSE
monocle3...125,0.09581817390893183,0.20473287267161633,0.39311602387022626,NA,NA,NA,FALSE,midbrain_human,0.9666960496311674,2.391393262472649,0.27525472326045775,0.2022425887051354,12,0.1695501730103806,0.8768954946198859,867,19531,midbrain_human,0.9711228293078107,2.390385037970697,0.2812708002662434,0.21070349700476163,12,0.17017828200972449,0.8758128518955902,1234,19531,0.9994087109657122,0.5,12,FALSE
pcaReduce...126,0.32559144243716015,0.4555171194062342,0.3956127063928906,NA,NA,NA,FALSE,midbrain_human,0.9666960496311674,2.391393262472649,0.27525472326045775,0.2022425887051354,12,0.1695501730103806,0.8768954946198859,867,19531,midbrain_human,0.9711228293078107,2.390385037970697,0.2812708002662434,0.21070349700476163,12,0.17017828200972449,0.8758128518955902,1234,19531,0.9994087109657122,0.5,12,FALSE
seurat...127,0,-3.1181387283368863e-16,0.2587089956959436,NA,1,-Inf,FALSE,midbrain_human,0.9731028390763193,2.8501231046525386,0.26972505248067175,0.20974348471660442,20,0.13183856502242153,0.8780747084145637,1115,19531,midbrain_human,0.9777949346608044,2.8484249646386024,0.27115867083098666,0.21488915058112742,20,0.13249211356466878,0.8772941245067495,1585,19531,0.9990619141925428,0.8,20,NA
tscan...128,0.06911764016649478,0.14293343119198587,0.17037336452478696,NA,8,0.19305993690851736,FALSE,midbrain_human,0.9731028390763193,2.8501231046525386,0.26972505248067175,0.20974348471660442,20,0.13183856502242153,0.8780747084145637,1115,19531,midbrain_human,0.9777949346608044,2.8484249646386024,0.27115867083098666,0.21488915058112742,20,0.13249211356466878,0.8772941245067495,1585,19531,0.9990619141925428,0.8,20,NA
sc3...129,0.34685669902211186,0.4549779960873811,0.4509682774604558,NA,8,0.2277602523659306,FALSE,midbrain_human,0.9731028390763193,2.8501231046525386,0.26972505248067175,0.20974348471660442,20,0.13183856502242153,0.8780747084145637,1115,19531,midbrain_human,0.9777949346608044,2.8484249646386024,0.27115867083098666,0.21488915058112742,20,0.13249211356466878,0.8772941245067495,1585,19531,0.9990619141925428,0.8,20,NA
liger...130,0.11081464846642883,0.29580591240474857,0.3393080037692854,NA,10,0.7034700315457413,FALSE,midbrain_human,0.9731028390763193,2.8501231046525386,0.26972505248067175,0.20974348471660442,20,0.13183856502242153,0.8780747084145637,1115,19531,midbrain_human,0.9777949346608044,2.8484249646386024,0.27115867083098666,0.21488915058112742,20,0.13249211356466878,0.8772941245067495,1585,19531,0.9990619141925428,0.8,20,NA
cidr...131,0.179802676681255,0.32082970011032524,0.2487591197354167,NA,12,0.14258675078864352,FALSE,midbrain_human,0.9731028390763193,2.8501231046525386,0.26972505248067175,0.20974348471660442,20,0.13183856502242153,0.8780747084145637,1115,19531,midbrain_human,0.9777949346608044,2.8484249646386024,0.27115867083098666,0.21488915058112742,20,0.13249211356466878,0.8772941245067495,1585,19531,0.9990619141925428,0.8,20,NA
monocle3...132,0.053019634988144486,0.18091376136226595,0.30068035425481365,NA,3,0.8321766561514196,FALSE,midbrain_human,0.9731028390763193,2.8501231046525386,0.26972505248067175,0.20974348471660442,20,0.13183856502242153,0.8780747084145637,1115,19531,midbrain_human,0.9777949346608044,2.8484249646386024,0.27115867083098666,0.21488915058112742,20,0.13249211356466878,0.8772941245067495,1585,19531,0.9990619141925428,0.8,20,NA
pcaReduce...133,0.3199582101280277,0.5001547899795179,0.36391473295466426,NA,17,0.08391167192429022,FALSE,midbrain_human,0.9731028390763193,2.8501231046525386,0.26972505248067175,0.20974348471660442,20,0.13183856502242153,0.8780747084145637,1115,19531,midbrain_human,0.9777949346608044,2.8484249646386024,0.27115867083098666,0.21488915058112742,20,0.13249211356466878,0.8772941245067495,1585,19531,0.9990619141925428,0.8,20,NA
seurat...134,0,0,0.5085207339517287,NA,NA,NA,FALSE,midbrain_human,0.9731028390763193,2.8501231046525386,0.26972505248067175,0.20974348471660442,20,0.13183856502242153,0.8780747084145637,1115,19531,midbrain_human,0.9777949346608044,2.8484249646386024,0.27115867083098666,0.21488915058112742,20,0.13249211356466878,0.8772941245067495,1585,19531,0.9990619141925428,0.8,20,TRUE
tscan...135,0.04312642341425596,0.29125970329204026,0.2576508180397725,NA,NA,NA,FALSE,midbrain_human,0.9731028390763193,2.8501231046525386,0.26972505248067175,0.20974348471660442,20,0.13183856502242153,0.8780747084145637,1115,19531,midbrain_human,0.9777949346608044,2.8484249646386024,0.27115867083098666,0.21488915058112742,20,0.13249211356466878,0.8772941245067495,1585,19531,0.9990619141925428,0.8,20,TRUE
sc3...136,0.39576969127917344,0.6219289754146079,0.5525000350762039,NA,NA,NA,FALSE,midbrain_human,0.9731028390763193,2.8501231046525386,0.26972505248067175,0.20974348471660442,20,0.13183856502242153,0.8780747084145637,1115,19531,midbrain_human,0.9777949346608044,2.8484249646386024,0.27115867083098666,0.21488915058112742,20,0.13249211356466878,0.8772941245067495,1585,19531,0.9990619141925428,0.8,20,TRUE
liger...137,0.305125045933035,0.43148103390062,0.49773916963793063,NA,NA,NA,FALSE,midbrain_human,0.9731028390763193,2.8501231046525386,0.26972505248067175,0.20974348471660442,20,0.13183856502242153,0.8780747084145637,1115,19531,midbrain_human,0.9777949346608044,2.8484249646386024,0.27115867083098666,0.21488915058112742,20,0.13249211356466878,0.8772941245067495,1585,19531,0.9990619141925428,0.8,20,TRUE
cidr...138,0.3648690959393839,0.5515715787487675,0.5072548382693606,NA,NA,NA,FALSE,midbrain_human,0.9731028390763193,2.8501231046525386,0.26972505248067175,0.20974348471660442,20,0.13183856502242153,0.8780747084145637,1115,19531,midbrain_human,0.9777949346608044,2.8484249646386024,0.27115867083098666,0.21488915058112742,20,0.13249211356466878,0.8772941245067495,1585,19531,0.9990619141925428,0.8,20,TRUE
monocle3...139,0,0,0.5085207339517287,NA,NA,NA,FALSE,midbrain_human,0.9731028390763193,2.8501231046525386,0.26972505248067175,0.20974348471660442,20,0.13183856502242153,0.8780747084145637,1115,19531,midbrain_human,0.9777949346608044,2.8484249646386024,0.27115867083098666,0.21488915058112742,20,0.13249211356466878,0.8772941245067495,1585,19531,0.9990619141925428,0.8,20,TRUE
pcaReduce...140,0.542736973963784,0.6632030615299437,0.6837493673252899,NA,NA,NA,FALSE,midbrain_human,0.9731028390763193,2.8501231046525386,0.26972505248067175,0.20974348471660442,20,0.13183856502242153,0.8780747084145637,1115,19531,midbrain_human,0.9777949346608044,2.8484249646386024,0.27115867083098666,0.21488915058112742,20,0.13249211356466878,0.8772941245067495,1585,19531,0.9990619141925428,0.8,20,TRUE
seurat...141,0,3.1572314440481037e-16,0.2654066973417122,NA,NA,NA,FALSE,midbrain_human,0.9731028390763193,2.8501231046525386,0.26972505248067175,0.20974348471660442,20,0.13183856502242153,0.8780747084145637,1115,19531,midbrain_human,0.9777949346608044,2.8484249646386024,0.27115867083098666,0.21488915058112742,20,0.13249211356466878,0.8772941245067495,1585,19531,0.9990619141925428,0.8,20,FALSE
tscan...142,0.07235116880528898,0.1464670081013813,0.1752015704953438,NA,NA,NA,FALSE,midbrain_human,0.9731028390763193,2.8501231046525386,0.26972505248067175,0.20974348471660442,20,0.13183856502242153,0.8780747084145637,1115,19531,midbrain_human,0.9777949346608044,2.8484249646386024,0.27115867083098666,0.21488915058112742,20,0.13249211356466878,0.8772941245067495,1585,19531,0.9990619141925428,0.8,20,FALSE
sc3...143,0.35562027800244495,0.4532820727530987,0.4597615465472884,NA,NA,NA,FALSE,midbrain_human,0.9731028390763193,2.8501231046525386,0.26972505248067175,0.20974348471660442,20,0.13183856502242153,0.8780747084145637,1115,19531,midbrain_human,0.9777949346608044,2.8484249646386024,0.27115867083098666,0.21488915058112742,20,0.13249211356466878,0.8772941245067495,1585,19531,0.9990619141925428,0.8,20,FALSE
liger...144,0.10345579991752998,0.2852218561952548,0.34046582852750645,NA,NA,NA,FALSE,midbrain_human,0.9731028390763193,2.8501231046525386,0.26972505248067175,0.20974348471660442,20,0.13183856502242153,0.8780747084145637,1115,19531,midbrain_human,0.9777949346608044,2.8484249646386024,0.27115867083098666,0.21488915058112742,20,0.13249211356466878,0.8772941245067495,1585,19531,0.9990619141925428,0.8,20,FALSE
cidr...145,0.1840581513302775,0.32219465761594585,0.2535611930951533,NA,NA,NA,FALSE,midbrain_human,0.9731028390763193,2.8501231046525386,0.26972505248067175,0.20974348471660442,20,0.13183856502242153,0.8780747084145637,1115,19531,midbrain_human,0.9777949346608044,2.8484249646386024,0.27115867083098666,0.21488915058112742,20,0.13249211356466878,0.8772941245067495,1585,19531,0.9990619141925428,0.8,20,FALSE
monocle3...146,0.058604315404830076,0.18793741183977522,0.3104696469151747,NA,NA,NA,FALSE,midbrain_human,0.9731028390763193,2.8501231046525386,0.26972505248067175,0.20974348471660442,20,0.13183856502242153,0.8780747084145637,1115,19531,midbrain_human,0.9777949346608044,2.8484249646386024,0.27115867083098666,0.21488915058112742,20,0.13249211356466878,0.8772941245067495,1585,19531,0.9990619141925428,0.8,20,FALSE
pcaReduce...147,0.3221605284512377,0.49764565506971725,0.36753205620439816,NA,NA,NA,FALSE,midbrain_human,0.9731028390763193,2.8501231046525386,0.26972505248067175,0.20974348471660442,20,0.13183856502242153,0.8780747084145637,1115,19531,midbrain_human,0.9777949346608044,2.8484249646386024,0.27115867083098666,0.21488915058112742,20,0.13249211356466878,0.8772941245067495,1585,19531,0.9990619141925428,0.8,20,FALSE
seurat...148,0,-3.1181387283368863e-16,0.2587089956959436,NA,1,-Inf,FALSE,midbrain_human,0.9731028390763193,2.8501231046525386,0.26972505248067175,0.20974348471660442,20,0.13183856502242153,0.8780747084145637,1115,19531,midbrain_human,0.9777949346608044,2.8484249646386024,0.27115867083098666,0.21488915058112742,20,0.13249211356466878,0.8772941245067495,1585,19531,0.9990619141925428,0.8,20,NA
tscan...149,0.06911764016649478,0.14293343119198587,0.17037336452478696,NA,8,0.19305993690851736,FALSE,midbrain_human,0.9731028390763193,2.8501231046525386,0.26972505248067175,0.20974348471660442,20,0.13183856502242153,0.8780747084145637,1115,19531,midbrain_human,0.9777949346608044,2.8484249646386024,0.27115867083098666,0.21488915058112742,20,0.13249211356466878,0.8772941245067495,1585,19531,0.9990619141925428,0.8,20,NA
sc3...150,0.34685669902211186,0.4549779960873811,0.4509682774604558,NA,8,0.2277602523659306,FALSE,midbrain_human,0.9731028390763193,2.8501231046525386,0.26972505248067175,0.20974348471660442,20,0.13183856502242153,0.8780747084145637,1115,19531,midbrain_human,0.9777949346608044,2.8484249646386024,0.27115867083098666,0.21488915058112742,20,0.13249211356466878,0.8772941245067495,1585,19531,0.9990619141925428,0.8,20,NA
liger...151,0.11081464846642883,0.29580591240474857,0.3393080037692854,NA,10,0.7034700315457413,FALSE,midbrain_human,0.9731028390763193,2.8501231046525386,0.26972505248067175,0.20974348471660442,20,0.13183856502242153,0.8780747084145637,1115,19531,midbrain_human,0.9777949346608044,2.8484249646386024,0.27115867083098666,0.21488915058112742,20,0.13249211356466878,0.8772941245067495,1585,19531,0.9990619141925428,0.8,20,NA
cidr...152,0.179802676681255,0.32082970011032524,0.2487591197354167,NA,12,0.14258675078864352,FALSE,midbrain_human,0.9731028390763193,2.8501231046525386,0.26972505248067175,0.20974348471660442,20,0.13183856502242153,0.8780747084145637,1115,19531,midbrain_human,0.9777949346608044,2.8484249646386024,0.27115867083098666,0.21488915058112742,20,0.13249211356466878,0.8772941245067495,1585,19531,0.9990619141925428,0.8,20,NA
monocle3...153,0.053019634988144486,0.18091376136226595,0.30068035425481365,NA,3,0.8321766561514196,FALSE,midbrain_human,0.9731028390763193,2.8501231046525386,0.26972505248067175,0.20974348471660442,20,0.13183856502242153,0.8780747084145637,1115,19531,midbrain_human,0.9777949346608044,2.8484249646386024,0.27115867083098666,0.21488915058112742,20,0.13249211356466878,0.8772941245067495,1585,19531,0.9990619141925428,0.8,20,NA
pcaReduce...154,0.3199582101280277,0.5001547899795179,0.36391473295466426,NA,17,0.08391167192429022,FALSE,midbrain_human,0.9731028390763193,2.8501231046525386,0.26972505248067175,0.20974348471660442,20,0.13183856502242153,0.8780747084145637,1115,19531,midbrain_human,0.9777949346608044,2.8484249646386024,0.27115867083098666,0.21488915058112742,20,0.13249211356466878,0.8772941245067495,1585,19531,0.9990619141925428,0.8,20,NA
seurat...155,0,0,0.5085207339517287,NA,NA,NA,FALSE,midbrain_human,0.9731028390763193,2.8501231046525386,0.26972505248067175,0.20974348471660442,20,0.13183856502242153,0.8780747084145637,1115,19531,midbrain_human,0.9777949346608044,2.8484249646386024,0.27115867083098666,0.21488915058112742,20,0.13249211356466878,0.8772941245067495,1585,19531,0.9990619141925428,0.8,20,TRUE
tscan...156,0.04312642341425596,0.29125970329204026,0.2576508180397725,NA,NA,NA,FALSE,midbrain_human,0.9731028390763193,2.8501231046525386,0.26972505248067175,0.20974348471660442,20,0.13183856502242153,0.8780747084145637,1115,19531,midbrain_human,0.9777949346608044,2.8484249646386024,0.27115867083098666,0.21488915058112742,20,0.13249211356466878,0.8772941245067495,1585,19531,0.9990619141925428,0.8,20,TRUE
sc3...157,0.39576969127917344,0.6219289754146079,0.5525000350762039,NA,NA,NA,FALSE,midbrain_human,0.9731028390763193,2.8501231046525386,0.26972505248067175,0.20974348471660442,20,0.13183856502242153,0.8780747084145637,1115,19531,midbrain_human,0.9777949346608044,2.8484249646386024,0.27115867083098666,0.21488915058112742,20,0.13249211356466878,0.8772941245067495,1585,19531,0.9990619141925428,0.8,20,TRUE
liger...158,0.305125045933035,0.43148103390062,0.49773916963793063,NA,NA,NA,FALSE,midbrain_human,0.9731028390763193,2.8501231046525386,0.26972505248067175,0.20974348471660442,20,0.13183856502242153,0.8780747084145637,1115,19531,midbrain_human,0.9777949346608044,2.8484249646386024,0.27115867083098666,0.21488915058112742,20,0.13249211356466878,0.8772941245067495,1585,19531,0.9990619141925428,0.8,20,TRUE
cidr...159,0.3648690959393839,0.5515715787487675,0.5072548382693606,NA,NA,NA,FALSE,midbrain_human,0.9731028390763193,2.8501231046525386,0.26972505248067175,0.20974348471660442,20,0.13183856502242153,0.8780747084145637,1115,19531,midbrain_human,0.9777949346608044,2.8484249646386024,0.27115867083098666,0.21488915058112742,20,0.13249211356466878,0.8772941245067495,1585,19531,0.9990619141925428,0.8,20,TRUE
monocle3...160,0,0,0.5085207339517287,NA,NA,NA,FALSE,midbrain_human,0.9731028390763193,2.8501231046525386,0.26972505248067175,0.20974348471660442,20,0.13183856502242153,0.8780747084145637,1115,19531,midbrain_human,0.9777949346608044,2.8484249646386024,0.27115867083098666,0.21488915058112742,20,0.13249211356466878,0.8772941245067495,1585,19531,0.9990619141925428,0.8,20,TRUE
pcaReduce...161,0.542736973963784,0.6632030615299437,0.6837493673252899,NA,NA,NA,FALSE,midbrain_human,0.9731028390763193,2.8501231046525386,0.26972505248067175,0.20974348471660442,20,0.13183856502242153,0.8780747084145637,1115,19531,midbrain_human,0.9777949346608044,2.8484249646386024,0.27115867083098666,0.21488915058112742,20,0.13249211356466878,0.8772941245067495,1585,19531,0.9990619141925428,0.8,20,TRUE
seurat...162,0,3.1572314440481037e-16,0.2654066973417122,NA,NA,NA,FALSE,midbrain_human,0.9731028390763193,2.8501231046525386,0.26972505248067175,0.20974348471660442,20,0.13183856502242153,0.8780747084145637,1115,19531,midbrain_human,0.9777949346608044,2.8484249646386024,0.27115867083098666,0.21488915058112742,20,0.13249211356466878,0.8772941245067495,1585,19531,0.9990619141925428,0.8,20,FALSE
tscan...163,0.07235116880528898,0.1464670081013813,0.1752015704953438,NA,NA,NA,FALSE,midbrain_human,0.9731028390763193,2.8501231046525386,0.26972505248067175,0.20974348471660442,20,0.13183856502242153,0.8780747084145637,1115,19531,midbrain_human,0.9777949346608044,2.8484249646386024,0.27115867083098666,0.21488915058112742,20,0.13249211356466878,0.8772941245067495,1585,19531,0.9990619141925428,0.8,20,FALSE
sc3...164,0.35562027800244495,0.4532820727530987,0.4597615465472884,NA,NA,NA,FALSE,midbrain_human,0.9731028390763193,2.8501231046525386,0.26972505248067175,0.20974348471660442,20,0.13183856502242153,0.8780747084145637,1115,19531,midbrain_human,0.9777949346608044,2.8484249646386024,0.27115867083098666,0.21488915058112742,20,0.13249211356466878,0.8772941245067495,1585,19531,0.9990619141925428,0.8,20,FALSE
liger...165,0.10345579991752998,0.2852218561952548,0.34046582852750645,NA,NA,NA,FALSE,midbrain_human,0.9731028390763193,2.8501231046525386,0.26972505248067175,0.20974348471660442,20,0.13183856502242153,0.8780747084145637,1115,19531,midbrain_human,0.9777949346608044,2.8484249646386024,0.27115867083098666,0.21488915058112742,20,0.13249211356466878,0.8772941245067495,1585,19531,0.9990619141925428,0.8,20,FALSE
cidr...166,0.1840581513302775,0.32219465761594585,0.2535611930951533,NA,NA,NA,FALSE,midbrain_human,0.9731028390763193,2.8501231046525386,0.26972505248067175,0.20974348471660442,20,0.13183856502242153,0.8780747084145637,1115,19531,midbrain_human,0.9777949346608044,2.8484249646386024,0.27115867083098666,0.21488915058112742,20,0.13249211356466878,0.8772941245067495,1585,19531,0.9990619141925428,0.8,20,FALSE
monocle3...167,0.058604315404830076,0.18793741183977522,0.3104696469151747,NA,NA,NA,FALSE,midbrain_human,0.9731028390763193,2.8501231046525386,0.26972505248067175,0.20974348471660442,20,0.13183856502242153,0.8780747084145637,1115,19531,midbrain_human,0.9777949346608044,2.8484249646386024,0.27115867083098666,0.21488915058112742,20,0.13249211356466878,0.8772941245067495,1585,19531,0.9990619141925428,0.8,20,FALSE
pcaReduce...168,0.3221605284512377,0.49764565506971725,0.36753205620439816,NA,NA,NA,FALSE,midbrain_human,0.9731028390763193,2.8501231046525386,0.26972505248067175,0.20974348471660442,20,0.13183856502242153,0.8780747084145637,1115,19531,midbrain_human,0.9777949346608044,2.8484249646386024,0.27115867083098666,0.21488915058112742,20,0.13249211356466878,0.8772941245067495,1585,19531,0.9990619141925428,0.8,20,FALSE
