method,ARI,AMI,FMI,unlabeled_pctg,cluster_num,pred_type_max_pctg,supervised,train_dataset,train_complexity,train_entropy,train_seq_depth_med,train_seq_depth_IQR,train_cell_types,train_cell_type_max_pctg,train_sparsity,train_sample_num,train_gene_num,test_dataset,test_complexity,test_entropy,test_seq_depth_med,test_seq_depth_IQR,test_cell_types,test_cell_type_max_pctg,test_sparsity,test_sample_num,test_gene_num,sample_pctg,assigned
scmap_cluster...1,0.9332648242715577,0.8905992960829122,0.949314548545868,0.008547008547008548,8,0.38095238095238093,TRUE,Muraro_pancreas,0.5553257969128127,1.6145360443200734,5.242289303779789,4.413963434459751,7,0.3976240391334731,0.7304254812105634,1431,18902,Muraro_pancreas,0.556957697418466,1.6169209160705402,5.242289303779789,4.5473205662096134,7,0.3968253968253968,0.726262210496683,819,18902,0.4,NA
scmap_cell...2,0.924410298001492,0.8681746684123163,0.9427786476034724,0.0463980463980464,8,0.38095238095238093,TRUE,Muraro_pancreas,0.5553257969128127,1.6145360443200734,5.242289303779789,4.413963434459751,7,0.3976240391334731,0.7304254812105634,1431,18902,Muraro_pancreas,0.556957697418466,1.6169209160705402,5.242289303779789,4.5473205662096134,7,0.3968253968253968,0.726262210496683,819,18902,0.4,NA
chetah...3,0.8407325776858237,0.7662153319332943,0.8789001076243231,0.042735042735042736,8,0.35775335775335776,TRUE,Muraro_pancreas,0.5553257969128127,1.6145360443200734,5.242289303779789,4.413963434459751,7,0.3976240391334731,0.7304254812105634,1431,18902,Muraro_pancreas,0.556957697418466,1.6169209160705402,5.242289303779789,4.5473205662096134,7,0.3968253968253968,0.726262210496683,819,18902,0.4,NA
singlecellnet...4,0.9890530123740573,0.9777029680936332,0.9917108188234742,0,7,0.398046398046398,TRUE,Muraro_pancreas,0.5553257969128127,1.6145360443200734,5.242289303779789,4.413963434459751,7,0.3976240391334731,0.7304254812105634,1431,18902,Muraro_pancreas,0.556957697418466,1.6169209160705402,5.242289303779789,4.5473205662096134,7,0.3968253968253968,0.726262210496683,819,18902,0.4,NA
garnett...5,0.32536033484908067,0.5088919359387694,0.46939609415352973,0.3235653235653236,8,0.3235653235653236,TRUE,Muraro_pancreas,0.5553257969128127,1.6145360443200734,5.242289303779789,4.413963434459751,7,0.3976240391334731,0.7304254812105634,1431,18902,Muraro_pancreas,0.556957697418466,1.6169209160705402,5.242289303779789,4.5473205662096134,7,0.3968253968253968,0.726262210496683,819,18902,0.4,NA
singleR...6,0.9688480499273252,0.9485219516996084,0.9763742813291714,0,7,0.39194139194139194,TRUE,Muraro_pancreas,0.5553257969128127,1.6145360443200734,5.242289303779789,4.413963434459751,7,0.3976240391334731,0.7304254812105634,1431,18902,Muraro_pancreas,0.556957697418466,1.6169209160705402,5.242289303779789,4.5473205662096134,7,0.3968253968253968,0.726262210496683,819,18902,0.4,NA
cellassign...7,0.9300898612913184,0.8968909657594311,0.9468867309525246,0,7,0.38217338217338215,TRUE,Muraro_pancreas,0.5553257969128127,1.6145360443200734,5.242289303779789,4.413963434459751,7,0.3976240391334731,0.7304254812105634,1431,18902,Muraro_pancreas,0.556957697418466,1.6169209160705402,5.242289303779789,4.5473205662096134,7,0.3968253968253968,0.726262210496683,819,18902,0.4,NA
scmap_cluster...8,0.9966828782035747,0.9935513362368521,0.9974298866289893,NA,NA,NA,TRUE,Muraro_pancreas,0.5553257969128127,1.6145360443200734,5.242289303779789,4.413963434459751,7,0.3976240391334731,0.7304254812105634,1431,18902,Muraro_pancreas,0.556957697418466,1.6169209160705402,5.242289303779789,4.5473205662096134,7,0.3968253968253968,0.726262210496683,819,18902,0.4,TRUE
scmap_cell...9,0.9966828782035747,0.9935513362368521,0.9974298866289893,NA,NA,NA,TRUE,Muraro_pancreas,0.5553257969128127,1.6145360443200734,5.242289303779789,4.413963434459751,7,0.3976240391334731,0.7304254812105634,1431,18902,Muraro_pancreas,0.556957697418466,1.6169209160705402,5.242289303779789,4.5473205662096134,7,0.3968253968253968,0.726262210496683,819,18902,0.4,TRUE
chetah...10,0.9319548145706947,0.9039297324897373,0.9471724470739028,NA,NA,NA,TRUE,Muraro_pancreas,0.5553257969128127,1.6145360443200734,5.242289303779789,4.413963434459751,7,0.3976240391334731,0.7304254812105634,1431,18902,Muraro_pancreas,0.556957697418466,1.6169209160705402,5.242289303779789,4.5473205662096134,7,0.3968253968253968,0.726262210496683,819,18902,0.4,TRUE
singlecellnet...11,0.9966828782035747,0.9935513362368521,0.9974298866289893,NA,NA,NA,TRUE,Muraro_pancreas,0.5553257969128127,1.6145360443200734,5.242289303779789,4.413963434459751,7,0.3976240391334731,0.7304254812105634,1431,18902,Muraro_pancreas,0.556957697418466,1.6169209160705402,5.242289303779789,4.5473205662096134,7,0.3968253968253968,0.726262210496683,819,18902,0.4,TRUE
garnett...12,0.7294713003334313,0.7896932822732621,0.7909419682827253,NA,NA,NA,TRUE,Muraro_pancreas,0.5553257969128127,1.6145360443200734,5.242289303779789,4.413963434459751,7,0.3976240391334731,0.7304254812105634,1431,18902,Muraro_pancreas,0.556957697418466,1.6169209160705402,5.242289303779789,4.5473205662096134,7,0.3968253968253968,0.726262210496683,819,18902,0.4,TRUE
singleR...13,0.9934068707006317,0.987610708074642,0.9948905356478192,NA,NA,NA,TRUE,Muraro_pancreas,0.5553257969128127,1.6145360443200734,5.242289303779789,4.413963434459751,7,0.3976240391334731,0.7304254812105634,1431,18902,Muraro_pancreas,0.556957697418466,1.6169209160705402,5.242289303779789,4.5473205662096134,7,0.3968253968253968,0.726262210496683,819,18902,0.4,TRUE
cellassign...14,0.9906558705297757,0.9815833780476577,0.9927585279100165,NA,NA,NA,TRUE,Muraro_pancreas,0.5553257969128127,1.6145360443200734,5.242289303779789,4.413963434459751,7,0.3976240391334731,0.7304254812105634,1431,18902,Muraro_pancreas,0.556957697418466,1.6169209160705402,5.242289303779789,4.5473205662096134,7,0.3968253968253968,0.726262210496683,819,18902,0.4,TRUE
scmap_cluster...15,0.8367424384181823,0.7627854887325345,0.8814797783683895,NA,NA,NA,TRUE,Muraro_pancreas,0.5553257969128127,1.6145360443200734,5.242289303779789,4.413963434459751,7,0.3976240391334731,0.7304254812105634,1431,18902,Muraro_pancreas,0.556957697418466,1.6169209160705402,5.242289303779789,4.5473205662096134,7,0.3968253968253968,0.726262210496683,819,18902,0.4,FALSE
scmap_cell...16,0.7963335983394902,0.7327694582668969,0.8519362766736065,NA,NA,NA,TRUE,Muraro_pancreas,0.5553257969128127,1.6145360443200734,5.242289303779789,4.413963434459751,7,0.3976240391334731,0.7304254812105634,1431,18902,Muraro_pancreas,0.556957697418466,1.6169209160705402,5.242289303779789,4.5473205662096134,7,0.3968253968253968,0.726262210496683,819,18902,0.4,FALSE
chetah...17,0.692682602207934,0.6205268163104026,0.7744840135806077,NA,NA,NA,TRUE,Muraro_pancreas,0.5553257969128127,1.6145360443200734,5.242289303779789,4.413963434459751,7,0.3976240391334731,0.7304254812105634,1431,18902,Muraro_pancreas,0.556957697418466,1.6169209160705402,5.242289303779789,4.5473205662096134,7,0.3968253968253968,0.726262210496683,819,18902,0.4,FALSE
singlecellnet...18,0.9772654835226724,0.9583339095206173,0.9836615005039195,NA,NA,NA,TRUE,Muraro_pancreas,0.5553257969128127,1.6145360443200734,5.242289303779789,4.413963434459751,7,0.3976240391334731,0.7304254812105634,1431,18902,Muraro_pancreas,0.556957697418466,1.6169209160705402,5.242289303779789,4.5473205662096134,7,0.3968253968253968,0.726262210496683,819,18902,0.4,FALSE
garnett...19,0.05376742846053854,0.11735974992116363,0.495824512290926,NA,NA,NA,TRUE,Muraro_pancreas,0.5553257969128127,1.6145360443200734,5.242289303779789,4.413963434459751,7,0.3976240391334731,0.7304254812105634,1431,18902,Muraro_pancreas,0.556957697418466,1.6169209160705402,5.242289303779789,4.5473205662096134,7,0.3968253968253968,0.726262210496683,819,18902,0.4,FALSE
singleR...20,0.9280351196704796,0.8966890688496107,0.948105169890935,NA,NA,NA,TRUE,Muraro_pancreas,0.5553257969128127,1.6145360443200734,5.242289303779789,4.413963434459751,7,0.3976240391334731,0.7304254812105634,1431,18902,Muraro_pancreas,0.556957697418466,1.6169209160705402,5.242289303779789,4.5473205662096134,7,0.3968253968253968,0.726262210496683,819,18902,0.4,FALSE
cellassign...21,0.8367998447016439,0.7875704741065105,0.8816001373138237,NA,NA,NA,TRUE,Muraro_pancreas,0.5553257969128127,1.6145360443200734,5.242289303779789,4.413963434459751,7,0.3976240391334731,0.7304254812105634,1431,18902,Muraro_pancreas,0.556957697418466,1.6169209160705402,5.242289303779789,4.5473205662096134,7,0.3968253968253968,0.726262210496683,819,18902,0.4,FALSE
scmap_cluster...22,0.9378375309722716,0.8897475928337852,0.9528564153319933,0.011419249592169658,8,0.3890701468189233,TRUE,Muraro_pancreas,0.5553257969128127,1.6145360443200734,5.242289303779789,4.413963434459751,7,0.3976240391334731,0.7304254812105634,1431,18902,Muraro_pancreas,0.5531643578019425,1.6143678809847244,5.2349716549482235,4.523990414308365,7,0.39804241435562804,0.7303027998970564,1226,18902,0.6,NA
scmap_cell...23,0.9219542283836019,0.8592866613924995,0.9409248028728587,0.04730831973898858,8,0.38743882544861336,TRUE,Muraro_pancreas,0.5553257969128127,1.6145360443200734,5.242289303779789,4.413963434459751,7,0.3976240391334731,0.7304254812105634,1431,18902,Muraro_pancreas,0.5531643578019425,1.6143678809847244,5.2349716549482235,4.523990414308365,7,0.39804241435562804,0.7303027998970564,1226,18902,0.6,NA
chetah...24,0.8361706411949945,0.759026185554328,0.8755239450680514,0.041598694942903754,8,0.3621533442088091,TRUE,Muraro_pancreas,0.5553257969128127,1.6145360443200734,5.242289303779789,4.413963434459751,7,0.3976240391334731,0.7304254812105634,1431,18902,Muraro_pancreas,0.5531643578019425,1.6143678809847244,5.2349716549482235,4.523990414308365,7,0.39804241435562804,0.7303027998970564,1226,18902,0.6,NA
singlecellnet...25,0.9872648643558407,0.9754429274614127,0.9903669992699465,0,7,0.399673735725938,TRUE,Muraro_pancreas,0.5553257969128127,1.6145360443200734,5.242289303779789,4.413963434459751,7,0.3976240391334731,0.7304254812105634,1431,18902,Muraro_pancreas,0.5531643578019425,1.6143678809847244,5.2349716549482235,4.523990414308365,7,0.39804241435562804,0.7303027998970564,1226,18902,0.6,NA
garnett...26,0.3734561366297975,0.5434196055688606,0.5080044279853617,0.30587275693311583,8,0.30587275693311583,TRUE,Muraro_pancreas,0.5553257969128127,1.6145360443200734,5.242289303779789,4.413963434459751,7,0.3976240391334731,0.7304254812105634,1431,18902,Muraro_pancreas,0.5531643578019425,1.6143678809847244,5.2349716549482235,4.523990414308365,7,0.39804241435562804,0.7303027998970564,1226,18902,0.6,NA
singleR...27,0.9600050514767805,0.9308600797491171,0.9697071316011514,0,7,0.3964110929853181,TRUE,Muraro_pancreas,0.5553257969128127,1.6145360443200734,5.242289303779789,4.413963434459751,7,0.3976240391334731,0.7304254812105634,1431,18902,Muraro_pancreas,0.5531643578019425,1.6143678809847244,5.2349716549482235,4.523990414308365,7,0.39804241435562804,0.7303027998970564,1226,18902,0.6,NA
cellassign...28,0.9248716018125647,0.8863399935468177,0.9429865341991318,0,7,0.3841761827079935,TRUE,Muraro_pancreas,0.5553257969128127,1.6145360443200734,5.242289303779789,4.413963434459751,7,0.3976240391334731,0.7304254812105634,1431,18902,Muraro_pancreas,0.5531643578019425,1.6143678809847244,5.2349716549482235,4.523990414308365,7,0.39804241435562804,0.7303027998970564,1226,18902,0.6,NA
scmap_cluster...29,0.9838310688717294,0.9743538811439589,0.9875158322505009,NA,NA,NA,TRUE,Muraro_pancreas,0.5553257969128127,1.6145360443200734,5.242289303779789,4.413963434459751,7,0.3976240391334731,0.7304254812105634,1431,18902,Muraro_pancreas,0.5531643578019425,1.6143678809847244,5.2349716549482235,4.523990414308365,7,0.39804241435562804,0.7303027998970564,1226,18902,0.6,TRUE
scmap_cell...30,0.9854237376042939,0.977718860764005,0.988747731321037,NA,NA,NA,TRUE,Muraro_pancreas,0.5553257969128127,1.6145360443200734,5.242289303779789,4.413963434459751,7,0.3976240391334731,0.7304254812105634,1431,18902,Muraro_pancreas,0.5531643578019425,1.6143678809847244,5.2349716549482235,4.523990414308365,7,0.39804241435562804,0.7303027998970564,1226,18902,0.6,TRUE
chetah...31,0.916660658194644,0.8863382883948902,0.93547017329183,NA,NA,NA,TRUE,Muraro_pancreas,0.5553257969128127,1.6145360443200734,5.242289303779789,4.413963434459751,7,0.3976240391334731,0.7304254812105634,1431,18902,Muraro_pancreas,0.5531643578019425,1.6143678809847244,5.2349716549482235,4.523990414308365,7,0.39804241435562804,0.7303027998970564,1226,18902,0.6,TRUE
singlecellnet...32,0.9942376901155153,0.9907047890343882,0.995553131818671,NA,NA,NA,TRUE,Muraro_pancreas,0.5553257969128127,1.6145360443200734,5.242289303779789,4.413963434459751,7,0.3976240391334731,0.7304254812105634,1431,18902,Muraro_pancreas,0.5531643578019425,1.6143678809847244,5.2349716549482235,4.523990414308365,7,0.39804241435562804,0.7303027998970564,1226,18902,0.6,TRUE
garnett...33,0.7713213827934592,0.8058761622516554,0.8237831659334717,NA,NA,NA,TRUE,Muraro_pancreas,0.5553257969128127,1.6145360443200734,5.242289303779789,4.413963434459751,7,0.3976240391334731,0.7304254812105634,1431,18902,Muraro_pancreas,0.5531643578019425,1.6143678809847244,5.2349716549482235,4.523990414308365,7,0.39804241435562804,0.7303027998970564,1226,18902,0.6,TRUE
singleR...34,0.9834915104713867,0.9708264809199595,0.9872603027216512,NA,NA,NA,TRUE,Muraro_pancreas,0.5553257969128127,1.6145360443200734,5.242289303779789,4.413963434459751,7,0.3976240391334731,0.7304254812105634,1431,18902,Muraro_pancreas,0.5531643578019425,1.6143678809847244,5.2349716549482235,4.523990414308365,7,0.39804241435562804,0.7303027998970564,1226,18902,0.6,TRUE
cellassign...35,0.9760834095322296,0.9609780174640025,0.9815190102095248,NA,NA,NA,TRUE,Muraro_pancreas,0.5553257969128127,1.6145360443200734,5.242289303779789,4.413963434459751,7,0.3976240391334731,0.7304254812105634,1431,18902,Muraro_pancreas,0.5531643578019425,1.6143678809847244,5.2349716549482235,4.523990414308365,7,0.39804241435562804,0.7303027998970564,1226,18902,0.6,TRUE
scmap_cluster...36,0.8569208234315325,0.7681204720088546,0.897459590871586,NA,NA,NA,TRUE,Muraro_pancreas,0.5553257969128127,1.6145360443200734,5.242289303779789,4.413963434459751,7,0.3976240391334731,0.7304254812105634,1431,18902,Muraro_pancreas,0.5531643578019425,1.6143678809847244,5.2349716549482235,4.523990414308365,7,0.39804241435562804,0.7303027998970564,1226,18902,0.6,FALSE
scmap_cell...37,0.7887429676313942,0.7175937931179667,0.8479539014490052,NA,NA,NA,TRUE,Muraro_pancreas,0.5553257969128127,1.6145360443200734,5.242289303779789,4.413963434459751,7,0.3976240391334731,0.7304254812105634,1431,18902,Muraro_pancreas,0.5531643578019425,1.6143678809847244,5.2349716549482235,4.523990414308365,7,0.39804241435562804,0.7303027998970564,1226,18902,0.6,FALSE
chetah...38,0.6847720300809202,0.6025772028495768,0.7709521424821142,NA,NA,NA,TRUE,Muraro_pancreas,0.5553257969128127,1.6145360443200734,5.242289303779789,4.413963434459751,7,0.3976240391334731,0.7304254812105634,1431,18902,Muraro_pancreas,0.5531643578019425,1.6143678809847244,5.2349716549482235,4.523990414308365,7,0.39804241435562804,0.7303027998970564,1226,18902,0.6,FALSE
singlecellnet...39,0.9730937786817412,0.9508691829467786,0.980878111647663,NA,NA,NA,TRUE,Muraro_pancreas,0.5553257969128127,1.6145360443200734,5.242289303779789,4.413963434459751,7,0.3976240391334731,0.7304254812105634,1431,18902,Muraro_pancreas,0.5531643578019425,1.6143678809847244,5.2349716549482235,4.523990414308365,7,0.39804241435562804,0.7303027998970564,1226,18902,0.6,FALSE
garnett...40,0.05935729477073901,0.13143355786279912,0.5123897649092511,NA,NA,NA,TRUE,Muraro_pancreas,0.5553257969128127,1.6145360443200734,5.242289303779789,4.413963434459751,7,0.3976240391334731,0.7304254812105634,1431,18902,Muraro_pancreas,0.5531643578019425,1.6143678809847244,5.2349716549482235,4.523990414308365,7,0.39804241435562804,0.7303027998970564,1226,18902,0.6,FALSE
singleR...41,0.9142077056798853,0.8665920178118361,0.9387986907647857,NA,NA,NA,TRUE,Muraro_pancreas,0.5553257969128127,1.6145360443200734,5.242289303779789,4.413963434459751,7,0.3976240391334731,0.7304254812105634,1431,18902,Muraro_pancreas,0.5531643578019425,1.6143678809847244,5.2349716549482235,4.523990414308365,7,0.39804241435562804,0.7303027998970564,1226,18902,0.6,FALSE
cellassign...42,0.8353089364925612,0.7720961036777048,0.8818627635311848,NA,NA,NA,TRUE,Muraro_pancreas,0.5553257969128127,1.6145360443200734,5.242289303779789,4.413963434459751,7,0.3976240391334731,0.7304254812105634,1431,18902,Muraro_pancreas,0.5531643578019425,1.6143678809847244,5.2349716549482235,4.523990414308365,7,0.39804241435562804,0.7303027998970564,1226,18902,0.6,FALSE
scmap_cluster...43,0.929848115721528,0.8746426983942875,0.9467831887701504,0.012851897184822521,8,0.38922888616891066,TRUE,Muraro_pancreas,0.5553257969128127,1.6145360443200734,5.242289303779789,4.413963434459751,7,0.3976240391334731,0.7304254812105634,1431,18902,Muraro_pancreas,0.5497777543262711,1.613898679837703,5.207225799520433,4.512740392267193,7,0.397796817625459,0.7302335812611774,1634,18902,0.8,NA
scmap_cell...44,0.9126886907574356,0.8434580271374725,0.933895003186636,0.052019583843329255,8,0.38616891064871484,TRUE,Muraro_pancreas,0.5553257969128127,1.6145360443200734,5.242289303779789,4.413963434459751,7,0.3976240391334731,0.7304254812105634,1431,18902,Muraro_pancreas,0.5497777543262711,1.613898679837703,5.207225799520433,4.512740392267193,7,0.397796817625459,0.7302335812611774,1634,18902,0.8,NA
chetah...45,0.8366945623988779,0.7564880789658757,0.8759264578832321,0.04467564259485924,8,0.3616891064871481,TRUE,Muraro_pancreas,0.5553257969128127,1.6145360443200734,5.242289303779789,4.413963434459751,7,0.3976240391334731,0.7304254812105634,1431,18902,Muraro_pancreas,0.5497777543262711,1.613898679837703,5.207225799520433,4.512740392267193,7,0.397796817625459,0.7302335812611774,1634,18902,0.8,NA
singlecellnet...46,0.9868711233822324,0.9726669448876586,0.9900726592480537,0,7,0.39902080783353733,TRUE,Muraro_pancreas,0.5553257969128127,1.6145360443200734,5.242289303779789,4.413963434459751,7,0.3976240391334731,0.7304254812105634,1431,18902,Muraro_pancreas,0.5497777543262711,1.613898679837703,5.207225799520433,4.512740392267193,7,0.397796817625459,0.7302335812611774,1634,18902,0.8,NA
garnett...47,0.35134756839958053,0.5282992521585389,0.49116565292660774,0.321297429620563,8,0.321297429620563,TRUE,Muraro_pancreas,0.5553257969128127,1.6145360443200734,5.242289303779789,4.413963434459751,7,0.3976240391334731,0.7304254812105634,1431,18902,Muraro_pancreas,0.5497777543262711,1.613898679837703,5.207225799520433,4.512740392267193,7,0.397796817625459,0.7302335812611774,1634,18902,0.8,NA
singleR...48,0.9535769961675928,0.9194436971315544,0.9648497570725965,0,7,0.39657282741738065,TRUE,Muraro_pancreas,0.5553257969128127,1.6145360443200734,5.242289303779789,4.413963434459751,7,0.3976240391334731,0.7304254812105634,1431,18902,Muraro_pancreas,0.5497777543262711,1.613898679837703,5.207225799520433,4.512740392267193,7,0.397796817625459,0.7302335812611774,1634,18902,0.8,NA
cellassign...49,0.9161836017442458,0.8724236177923999,0.9363944186684066,0,7,0.3849449204406365,TRUE,Muraro_pancreas,0.5553257969128127,1.6145360443200734,5.242289303779789,4.413963434459751,7,0.3976240391334731,0.7304254812105634,1431,18902,Muraro_pancreas,0.5497777543262711,1.613898679837703,5.207225799520433,4.512740392267193,7,0.397796817625459,0.7302335812611774,1634,18902,0.8,NA
scmap_cluster...50,0.9104647095229125,0.7780574357400287,0.9539701840093825,NA,NA,NA,TRUE,Muraro_pancreas,0.5553257969128127,1.6145360443200734,5.242289303779789,4.413963434459751,7,0.3976240391334731,0.7304254812105634,1431,18902,Muraro_pancreas,0.5497777543262711,1.613898679837703,5.207225799520433,4.512740392267193,7,0.397796817625459,0.7302335812611774,1634,18902,0.8,TRUE
scmap_cell...51,0.9104647095229125,0.7780574357400287,0.9539701840093825,NA,NA,NA,TRUE,Muraro_pancreas,0.5553257969128127,1.6145360443200734,5.242289303779789,4.413963434459751,7,0.3976240391334731,0.7304254812105634,1431,18902,Muraro_pancreas,0.5497777543262711,1.613898679837703,5.207225799520433,4.512740392267193,7,0.397796817625459,0.7302335812611774,1634,18902,0.8,TRUE
chetah...52,0.8841221738373731,0.7379851404735187,0.9399853949198845,NA,NA,NA,TRUE,Muraro_pancreas,0.5553257969128127,1.6145360443200734,5.242289303779789,4.413963434459751,7,0.3976240391334731,0.7304254812105634,1431,18902,Muraro_pancreas,0.5497777543262711,1.613898679837703,5.207225799520433,4.512740392267193,7,0.397796817625459,0.7302335812611774,1634,18902,0.8,TRUE
singlecellnet...53,0.969691752261147,0.8976867398564619,0.9846153846153847,NA,NA,NA,TRUE,Muraro_pancreas,0.5553257969128127,1.6145360443200734,5.242289303779789,4.413963434459751,7,0.3976240391334731,0.7304254812105634,1431,18902,Muraro_pancreas,0.5497777543262711,1.613898679837703,5.207225799520433,4.512740392267193,7,0.397796817625459,0.7302335812611774,1634,18902,0.8,TRUE
garnett...54,0.8812982105465252,0.7083385265100121,0.938465571401076,NA,NA,NA,TRUE,Muraro_pancreas,0.5553257969128127,1.6145360443200734,5.242289303779789,4.413963434459751,7,0.3976240391334731,0.7304254812105634,1431,18902,Muraro_pancreas,0.5497777543262711,1.613898679837703,5.207225799520433,4.512740392267193,7,0.397796817625459,0.7302335812611774,1634,18902,0.8,TRUE
singleR...55,0.895883082189446,0.7433788686626023,0.9462496022848205,NA,NA,NA,TRUE,Muraro_pancreas,0.5553257969128127,1.6145360443200734,5.242289303779789,4.413963434459751,7,0.3976240391334731,0.7304254812105634,1431,18902,Muraro_pancreas,0.5497777543262711,1.613898679837703,5.207225799520433,4.512740392267193,7,0.397796817625459,0.7302335812611774,1634,18902,0.8,TRUE
cellassign...56,0.895883082189446,0.7433788686626023,0.9462496022848205,NA,NA,NA,TRUE,Muraro_pancreas,0.5553257969128127,1.6145360443200734,5.242289303779789,4.413963434459751,7,0.3976240391334731,0.7304254812105634,1431,18902,Muraro_pancreas,0.5497777543262711,1.613898679837703,5.207225799520433,4.512740392267193,7,0.397796817625459,0.7302335812611774,1634,18902,0.8,TRUE
scmap_cluster...57,0.93279344726733,0.8688466169323203,0.9505121707432548,NA,NA,NA,TRUE,Muraro_pancreas,0.5553257969128127,1.6145360443200734,5.242289303779789,4.413963434459751,7,0.3976240391334731,0.7304254812105634,1431,18902,Muraro_pancreas,0.5497777543262711,1.613898679837703,5.207225799520433,4.512740392267193,7,0.397796817625459,0.7302335812611774,1634,18902,0.8,FALSE
scmap_cell...58,0.9172789018982348,0.8427748321564501,0.9391714010966243,NA,NA,NA,TRUE,Muraro_pancreas,0.5553257969128127,1.6145360443200734,5.242289303779789,4.413963434459751,7,0.3976240391334731,0.7304254812105634,1431,18902,Muraro_pancreas,0.5497777543262711,1.613898679837703,5.207225799520433,4.512740392267193,7,0.397796817625459,0.7302335812611774,1634,18902,0.8,FALSE
chetah...59,0.840774531672161,0.7442542329418833,0.8826340473337103,NA,NA,NA,TRUE,Muraro_pancreas,0.5553257969128127,1.6145360443200734,5.242289303779789,4.413963434459751,7,0.3976240391334731,0.7304254812105634,1431,18902,Muraro_pancreas,0.5497777543262711,1.613898679837703,5.207225799520433,4.512740392267193,7,0.397796817625459,0.7302335812611774,1634,18902,0.8,FALSE
singlecellnet...60,0.9900549703962473,0.9756274041628314,0.9927040298558386,NA,NA,NA,TRUE,Muraro_pancreas,0.5553257969128127,1.6145360443200734,5.242289303779789,4.413963434459751,7,0.3976240391334731,0.7304254812105634,1431,18902,Muraro_pancreas,0.5497777543262711,1.613898679837703,5.207225799520433,4.512740392267193,7,0.397796817625459,0.7302335812611774,1634,18902,0.8,FALSE
garnett...61,0.31808730329443363,0.4980446267391566,0.4783700209317583,NA,NA,NA,TRUE,Muraro_pancreas,0.5553257969128127,1.6145360443200734,5.242289303779789,4.413963434459751,7,0.3976240391334731,0.7304254812105634,1431,18902,Muraro_pancreas,0.5497777543262711,1.613898679837703,5.207225799520433,4.512740392267193,7,0.397796817625459,0.7302335812611774,1634,18902,0.8,FALSE
singleR...62,0.9595871821239397,0.9221862078370264,0.9703065934600842,NA,NA,NA,TRUE,Muraro_pancreas,0.5553257969128127,1.6145360443200734,5.242289303779789,4.413963434459751,7,0.3976240391334731,0.7304254812105634,1431,18902,Muraro_pancreas,0.5497777543262711,1.613898679837703,5.207225799520433,4.512740392267193,7,0.397796817625459,0.7302335812611774,1634,18902,0.8,FALSE
cellassign...63,0.9195173776702602,0.8683356793059013,0.9407039799865278,NA,NA,NA,TRUE,Muraro_pancreas,0.5553257969128127,1.6145360443200734,5.242289303779789,4.413963434459751,7,0.3976240391334731,0.7304254812105634,1431,18902,Muraro_pancreas,0.5497777543262711,1.613898679837703,5.207225799520433,4.512740392267193,7,0.397796817625459,0.7302335812611774,1634,18902,0.8,FALSE
scmap_cluster...64,0.9377289048125549,0.8808231912730593,0.9528015908858788,0.011770475723393821,8,0.3908778813143698,TRUE,Muraro_pancreas,0.5553257969128127,1.6145360443200734,5.242289303779789,4.413963434459751,7,0.3976240391334731,0.7304254812105634,1431,18902,Muraro_pancreas,0.5555581912029354,1.612996543699384,5.221939820277587,4.5502674468790145,7,0.39823442864149095,0.7298648474107357,2039,18902,1,NA
scmap_cell...65,0.9208734189398295,0.8514929670463991,0.9401386672332046,0.05002452182442374,8,0.3884256988719961,TRUE,Muraro_pancreas,0.5553257969128127,1.6145360443200734,5.242289303779789,4.413963434459751,7,0.3976240391334731,0.7304254812105634,1431,18902,Muraro_pancreas,0.5555581912029354,1.612996543699384,5.221939820277587,4.5502674468790145,7,0.39823442864149095,0.7298648474107357,2039,18902,1,NA
chetah...66,0.8404600615184769,0.7601991234430789,0.8789072134529143,0.04462972045120157,8,0.36292300147130946,TRUE,Muraro_pancreas,0.5553257969128127,1.6145360443200734,5.242289303779789,4.413963434459751,7,0.3976240391334731,0.7304254812105634,1431,18902,Muraro_pancreas,0.5555581912029354,1.612996543699384,5.221939820277587,4.5502674468790145,7,0.39823442864149095,0.7298648474107357,2039,18902,1,NA
singlecellnet...67,0.987767767542417,0.9741522954919202,0.9907548562939786,0,7,0.39921530161844043,TRUE,Muraro_pancreas,0.5553257969128127,1.6145360443200734,5.242289303779789,4.413963434459751,7,0.3976240391334731,0.7304254812105634,1431,18902,Muraro_pancreas,0.5555581912029354,1.612996543699384,5.221939820277587,4.5502674468790145,7,0.39823442864149095,0.7298648474107357,2039,18902,1,NA
garnett...68,0.3586286739312227,0.5311549748602714,0.4967795790999802,0.3158410985777342,8,0.3158410985777342,TRUE,Muraro_pancreas,0.5553257969128127,1.6145360443200734,5.242289303779789,4.413963434459751,7,0.3976240391334731,0.7304254812105634,1431,18902,Muraro_pancreas,0.5555581912029354,1.612996543699384,5.221939820277587,4.5502674468790145,7,0.39823442864149095,0.7298648474107357,2039,18902,1,NA
singleR...69,0.9603449952376792,0.9289518644708423,0.9699932790887343,0,7,0.39725355566454146,TRUE,Muraro_pancreas,0.5553257969128127,1.6145360443200734,5.242289303779789,4.413963434459751,7,0.3976240391334731,0.7304254812105634,1431,18902,Muraro_pancreas,0.5555581912029354,1.612996543699384,5.221939820277587,4.5502674468790145,7,0.39823442864149095,0.7298648474107357,2039,18902,1,NA
cellassign...70,0.9289746560461833,0.8775867469775601,0.9461498082407828,0,7,0.3889161353604708,TRUE,Muraro_pancreas,0.5553257969128127,1.6145360443200734,5.242289303779789,4.413963434459751,7,0.3976240391334731,0.7304254812105634,1431,18902,Muraro_pancreas,0.5555581912029354,1.612996543699384,5.221939820277587,4.5502674468790145,7,0.39823442864149095,0.7298648474107357,2039,18902,1,NA
scmap_cluster...71,0.9485925175109999,0.8827648142471022,0.9736055616599236,NA,NA,NA,TRUE,Muraro_pancreas,0.5553257969128127,1.6145360443200734,5.242289303779789,4.413963434459751,7,0.3976240391334731,0.7304254812105634,1431,18902,Muraro_pancreas,0.5555581912029354,1.612996543699384,5.221939820277587,4.5502674468790145,7,0.39823442864149095,0.7298648474107357,2039,18902,1,TRUE
scmap_cell...72,0.9582246461748859,0.896290188280782,0.9785900080797622,NA,NA,NA,TRUE,Muraro_pancreas,0.5553257969128127,1.6145360443200734,5.242289303779789,4.413963434459751,7,0.3976240391334731,0.7304254812105634,1431,18902,Muraro_pancreas,0.5555581912029354,1.612996543699384,5.221939820277587,4.5502674468790145,7,0.39823442864149095,0.7298648474107357,2039,18902,1,TRUE
chetah...73,0.8696449764243577,0.775290588524881,0.9316915945744949,NA,NA,NA,TRUE,Muraro_pancreas,0.5553257969128127,1.6145360443200734,5.242289303779789,4.413963434459751,7,0.3976240391334731,0.7304254812105634,1431,18902,Muraro_pancreas,0.5555581912029354,1.612996543699384,5.221939820277587,4.5502674468790145,7,0.39823442864149095,0.7298648474107357,2039,18902,1,TRUE
singlecellnet...74,0.9853386245059149,0.9599560721742004,0.992526186393935,NA,NA,NA,TRUE,Muraro_pancreas,0.5553257969128127,1.6145360443200734,5.242289303779789,4.413963434459751,7,0.3976240391334731,0.7304254812105634,1431,18902,Muraro_pancreas,0.5555581912029354,1.612996543699384,5.221939820277587,4.5502674468790145,7,0.39823442864149095,0.7298648474107357,2039,18902,1,TRUE
garnett...75,0.901331319169503,0.7971984013993201,0.9487109700404348,NA,NA,NA,TRUE,Muraro_pancreas,0.5553257969128127,1.6145360443200734,5.242289303779789,4.413963434459751,7,0.3976240391334731,0.7304254812105634,1431,18902,Muraro_pancreas,0.5555581912029354,1.612996543699384,5.221939820277587,4.5502674468790145,7,0.39823442864149095,0.7298648474107357,2039,18902,1,TRUE
singleR...76,0.9413957166818303,0.865714580067285,0.9698492008956222,NA,NA,NA,TRUE,Muraro_pancreas,0.5553257969128127,1.6145360443200734,5.242289303779789,4.413963434459751,7,0.3976240391334731,0.7304254812105634,1431,18902,Muraro_pancreas,0.5555581912029354,1.612996543699384,5.221939820277587,4.5502674468790145,7,0.39823442864149095,0.7298648474107357,2039,18902,1,TRUE
cellassign...77,0.9413957166818303,0.865714580067285,0.9698492008956222,NA,NA,NA,TRUE,Muraro_pancreas,0.5553257969128127,1.6145360443200734,5.242289303779789,4.413963434459751,7,0.3976240391334731,0.7304254812105634,1431,18902,Muraro_pancreas,0.5555581912029354,1.612996543699384,5.221939820277587,4.5502674468790145,7,0.39823442864149095,0.7298648474107357,2039,18902,1,TRUE
scmap_cluster...78,0.9400699385940471,0.8631088938307308,0.9575450308324833,NA,NA,NA,TRUE,Muraro_pancreas,0.5553257969128127,1.6145360443200734,5.242289303779789,4.413963434459751,7,0.3976240391334731,0.7304254812105634,1431,18902,Muraro_pancreas,0.5555581912029354,1.612996543699384,5.221939820277587,4.5502674468790145,7,0.39823442864149095,0.7298648474107357,2039,18902,1,FALSE
scmap_cell...79,0.9281604556392955,0.8405553741243338,0.9491151123865391,NA,NA,NA,TRUE,Muraro_pancreas,0.5553257969128127,1.6145360443200734,5.242289303779789,4.413963434459751,7,0.3976240391334731,0.7304254812105634,1431,18902,Muraro_pancreas,0.5555581912029354,1.612996543699384,5.221939820277587,4.5502674468790145,7,0.39823442864149095,0.7298648474107357,2039,18902,1,FALSE
chetah...80,0.8408559519952753,0.7354851657238012,0.8868626337060831,NA,NA,NA,TRUE,Muraro_pancreas,0.5553257969128127,1.6145360443200734,5.242289303779789,4.413963434459751,7,0.3976240391334731,0.7304254812105634,1431,18902,Muraro_pancreas,0.5555581912029354,1.612996543699384,5.221939820277587,4.5502674468790145,7,0.39823442864149095,0.7298648474107357,2039,18902,1,FALSE
singlecellnet...81,0.9911368283476757,0.973422986280582,0.9937463498388125,NA,NA,NA,TRUE,Muraro_pancreas,0.5553257969128127,1.6145360443200734,5.242289303779789,4.413963434459751,7,0.3976240391334731,0.7304254812105634,1431,18902,Muraro_pancreas,0.5555581912029354,1.612996543699384,5.221939820277587,4.5502674468790145,7,0.39823442864149095,0.7298648474107357,2039,18902,1,FALSE
garnett...82,0.2874925030765627,0.4787965028177032,0.47445384354135756,NA,NA,NA,TRUE,Muraro_pancreas,0.5553257969128127,1.6145360443200734,5.242289303779789,4.413963434459751,7,0.3976240391334731,0.7304254812105634,1431,18902,Muraro_pancreas,0.5555581912029354,1.612996543699384,5.221939820277587,4.5502674468790145,7,0.39823442864149095,0.7298648474107357,2039,18902,1,FALSE
singleR...83,0.9686359738701736,0.9272078809886072,0.9778396632007266,NA,NA,NA,TRUE,Muraro_pancreas,0.5553257969128127,1.6145360443200734,5.242289303779789,4.413963434459751,7,0.3976240391334731,0.7304254812105634,1431,18902,Muraro_pancreas,0.5555581912029354,1.612996543699384,5.221939820277587,4.5502674468790145,7,0.39823442864149095,0.7298648474107357,2039,18902,1,FALSE
cellassign...84,0.9331710352014945,0.8612692528288706,0.9526340174084025,NA,NA,NA,TRUE,Muraro_pancreas,0.5553257969128127,1.6145360443200734,5.242289303779789,4.413963434459751,7,0.3976240391334731,0.7304254812105634,1431,18902,Muraro_pancreas,0.5555581912029354,1.612996543699384,5.221939820277587,4.5502674468790145,7,0.39823442864149095,0.7298648474107357,2039,18902,1,FALSE
seurat...85,0.8822806572555307,0.82203693065081,0.9110931897707759,NA,NA,NA,FALSE,Muraro_pancreas,0.5553257969128127,1.6145360443200734,5.242289303779789,4.413963434459751,7,0.3976240391334731,0.7304254812105634,1431,18902,Muraro_pancreas,0.556957697418466,1.6169209160705402,5.242289303779789,4.5473205662096134,7,0.3968253968253968,0.726262210496683,819,18902,0.4,NA
tscan...86,0.542544886584893,0.5988823260058309,0.6447442363881827,NA,NA,NA,FALSE,Muraro_pancreas,0.5553257969128127,1.6145360443200734,5.242289303779789,4.413963434459751,7,0.3976240391334731,0.7304254812105634,1431,18902,Muraro_pancreas,0.556957697418466,1.6169209160705402,5.242289303779789,4.5473205662096134,7,0.3968253968253968,0.726262210496683,819,18902,0.4,NA
sc3...87,0.9301634598816393,0.8880593002397686,0.9469469051640922,NA,NA,NA,FALSE,Muraro_pancreas,0.5553257969128127,1.6145360443200734,5.242289303779789,4.413963434459751,7,0.3976240391334731,0.7304254812105634,1431,18902,Muraro_pancreas,0.556957697418466,1.6169209160705402,5.242289303779789,4.5473205662096134,7,0.3968253968253968,0.726262210496683,819,18902,0.4,NA
liger...88,0,0,0.49235052997334594,NA,NA,NA,FALSE,Muraro_pancreas,0.5553257969128127,1.6145360443200734,5.242289303779789,4.413963434459751,7,0.3976240391334731,0.7304254812105634,1431,18902,Muraro_pancreas,0.556957697418466,1.6169209160705402,5.242289303779789,4.5473205662096134,7,0.3968253968253968,0.726262210496683,819,18902,0.4,NA
seurat...89,0.919466963956277,0.8696475645940532,0.9387489169476444,NA,NA,NA,FALSE,Muraro_pancreas,0.5553257969128127,1.6145360443200734,5.242289303779789,4.413963434459751,7,0.3976240391334731,0.7304254812105634,1431,18902,Muraro_pancreas,0.556957697418466,1.6169209160705402,5.242289303779789,4.5473205662096134,7,0.3968253968253968,0.726262210496683,819,18902,0.4,TRUE
tscan...90,0.5513770720104452,0.6403010214740066,0.6446151552697018,NA,NA,NA,FALSE,Muraro_pancreas,0.5553257969128127,1.6145360443200734,5.242289303779789,4.413963434459751,7,0.3976240391334731,0.7304254812105634,1431,18902,Muraro_pancreas,0.556957697418466,1.6169209160705402,5.242289303779789,4.5473205662096134,7,0.3968253968253968,0.726262210496683,819,18902,0.4,TRUE
sc3...91,0.9870194469757556,0.9745215258768959,0.9899364955944795,NA,NA,NA,FALSE,Muraro_pancreas,0.5553257969128127,1.6145360443200734,5.242289303779789,4.413963434459751,7,0.3976240391334731,0.7304254812105634,1431,18902,Muraro_pancreas,0.556957697418466,1.6169209160705402,5.242289303779789,4.5473205662096134,7,0.3968253968253968,0.726262210496683,819,18902,0.4,TRUE
liger...92,0,0,0.4743753587552288,NA,NA,NA,FALSE,Muraro_pancreas,0.5553257969128127,1.6145360443200734,5.242289303779789,4.413963434459751,7,0.3976240391334731,0.7304254812105634,1431,18902,Muraro_pancreas,0.556957697418466,1.6169209160705402,5.242289303779789,4.5473205662096134,7,0.3968253968253968,0.726262210496683,819,18902,0.4,TRUE
seurat...93,0.8189301254145389,0.763620335751961,0.868854462865598,NA,NA,NA,FALSE,Muraro_pancreas,0.5553257969128127,1.6145360443200734,5.242289303779789,4.413963434459751,7,0.3976240391334731,0.7304254812105634,1431,18902,Muraro_pancreas,0.556957697418466,1.6169209160705402,5.242289303779789,4.5473205662096134,7,0.3968253968253968,0.726262210496683,819,18902,0.4,FALSE
tscan...94,0.5299896658937007,0.5557524751045397,0.6506705718153882,NA,NA,NA,FALSE,Muraro_pancreas,0.5553257969128127,1.6145360443200734,5.242289303779789,4.413963434459751,7,0.3976240391334731,0.7304254812105634,1431,18902,Muraro_pancreas,0.556957697418466,1.6169209160705402,5.242289303779789,4.5473205662096134,7,0.3968253968253968,0.726262210496683,819,18902,0.4,FALSE
sc3...95,0.8468023248148734,0.7865814501457522,0.88886441911149106,NA,NA,NA,FALSE,Muraro_pancreas,0.5553257969128127,1.6145360443200734,5.242289303779789,4.413963434459751,7,0.3976240391334731,0.7304254812105634,1431,18902,Muraro_pancreas,0.556957697418466,1.6169209160705402,5.242289303779789,4.5473205662096134,7,0.3968253968253968,0.726262210496683,819,18902,0.4,FALSE
liger...96,0,0,0.5304203638140746,NA,NA,NA,FALSE,Muraro_pancreas,0.5553257969128127,1.6145360443200734,5.242289303779789,4.413963434459751,7,0.3976240391334731,0.7304254812105634,1431,18902,Muraro_pancreas,0.556957697418466,1.6169209160705402,5.242289303779789,4.5473205662096134,7,0.3968253968253968,0.726262210496683,819,18902,0.4,FALSE
seurat...97,0.8692792771961708,0.7969020800788394,0.900667685497895,NA,NA,NA,FALSE,Muraro_pancreas,0.5553257969128127,1.6145360443200734,5.242289303779789,4.413963434459751,7,0.3976240391334731,0.7304254812105634,1431,18902,Muraro_pancreas,0.5531643578019425,1.6143678809847244,5.2349716549482235,4.523990414308365,7,0.39804241435562804,0.7303027998970564,1226,18902,0.6,NA
tscan...98,0.5030553383620863,0.604779055940666,0.6123133952353831,NA,NA,NA,FALSE,Muraro_pancreas,0.5553257969128127,1.6145360443200734,5.242289303779789,4.413963434459751,7,0.3976240391334731,0.7304254812105634,1431,18902,Muraro_pancreas,0.5531643578019425,1.6143678809847244,5.2349716549482235,4.523990414308365,7,0.39804241435562804,0.7303027998970564,1226,18902,0.6,NA
sc3...99,0.9357958505765283,0.8877179406776294,0.9513024278147885,NA,NA,NA,FALSE,Muraro_pancreas,0.5553257969128127,1.6145360443200734,5.242289303779789,4.413963434459751,7,0.3976240391334731,0.7304254812105634,1431,18902,Muraro_pancreas,0.5531643578019425,1.6143678809847244,5.2349716549482235,4.523990414308365,7,0.39804241435562804,0.7303027998970564,1226,18902,0.6,NA
liger...100,0,-5.501710174996536e-16,0.4934285340494634,NA,NA,NA,FALSE,Muraro_pancreas,0.5553257969128127,1.6145360443200734,5.242289303779789,4.413963434459751,7,0.3976240391334731,0.7304254812105634,1431,18902,Muraro_pancreas,0.5531643578019425,1.6143678809847244,5.2349716549482235,4.523990414308365,7,0.39804241435562804,0.7303027998970564,1226,18902,0.6,NA
seurat...101,0.9217842161472405,0.8776926573693474,0.9394384157524684,NA,NA,NA,FALSE,Muraro_pancreas,0.5553257969128127,1.6145360443200734,5.242289303779789,4.413963434459751,7,0.3976240391334731,0.7304254812105634,1431,18902,Muraro_pancreas,0.5531643578019425,1.6143678809847244,5.2349716549482235,4.523990414308365,7,0.39804241435562804,0.7303027998970564,1226,18902,0.6,TRUE
tscan...102,0.5316171441992459,0.6710831662555855,0.6295057890220612,NA,NA,NA,FALSE,Muraro_pancreas,0.5553257969128127,1.6145360443200734,5.242289303779789,4.413963434459751,7,0.3976240391334731,0.7304254812105634,1431,18902,Muraro_pancreas,0.5531643578019425,1.6143678809847244,5.2349716549482235,4.523990414308365,7,0.39804241435562804,0.7303027998970564,1226,18902,0.6,TRUE
sc3...103,0.9755614686112898,0.9507186799542653,0.9811454784565333,NA,NA,NA,FALSE,Muraro_pancreas,0.5553257969128127,1.6145360443200734,5.242289303779789,4.413963434459751,7,0.3976240391334731,0.7304254812105634,1431,18902,Muraro_pancreas,0.5531643578019425,1.6143678809847244,5.2349716549482235,4.523990414308365,7,0.39804241435562804,0.7303027998970564,1226,18902,0.6,TRUE
liger...104,0,0,0.4773599899428558,NA,NA,NA,FALSE,Muraro_pancreas,0.5553257969128127,1.6145360443200734,5.242289303779789,4.413963434459751,7,0.3976240391334731,0.7304254812105634,1431,18902,Muraro_pancreas,0.5531643578019425,1.6143678809847244,5.2349716549482235,4.523990414308365,7,0.39804241435562804,0.7303027998970564,1226,18902,0.6,TRUE
seurat...105,0.7715621419336646,0.6830568537408128,0.8356116662326645,NA,NA,NA,FALSE,Muraro_pancreas,0.5553257969128127,1.6145360443200734,5.242289303779789,4.413963434459751,7,0.3976240391334731,0.7304254812105634,1431,18902,Muraro_pancreas,0.5531643578019425,1.6143678809847244,5.2349716549482235,4.523990414308365,7,0.39804241435562804,0.7303027998970564,1226,18902,0.6,FALSE
tscan...106,0.4622034741684564,0.5134885692111678,0.5989105728532265,NA,NA,NA,FALSE,Muraro_pancreas,0.5553257969128127,1.6145360443200734,5.242289303779789,4.413963434459751,7,0.3976240391334731,0.7304254812105634,1431,18902,Muraro_pancreas,0.5531643578019425,1.6143678809847244,5.2349716549482235,4.523990414308365,7,0.39804241435562804,0.7303027998970564,1226,18902,0.6,FALSE
sc3...107,0.8683151731819886,0.7701128286335375,0.9057021107074369,NA,NA,NA,FALSE,Muraro_pancreas,0.5553257969128127,1.6145360443200734,5.242289303779789,4.413963434459751,7,0.3976240391334731,0.7304254812105634,1431,18902,Muraro_pancreas,0.5531643578019425,1.6143678809847244,5.2349716549482235,4.523990414308365,7,0.39804241435562804,0.7303027998970564,1226,18902,0.6,FALSE
liger...108,0,0,0.5385288329021181,NA,NA,NA,FALSE,Muraro_pancreas,0.5553257969128127,1.6145360443200734,5.242289303779789,4.413963434459751,7,0.3976240391334731,0.7304254812105634,1431,18902,Muraro_pancreas,0.5531643578019425,1.6143678809847244,5.2349716549482235,4.523990414308365,7,0.39804241435562804,0.7303027998970564,1226,18902,0.6,FALSE
seurat...109,0.8598365037952639,0.8085556650055683,0.8933903384891682,NA,NA,NA,FALSE,Muraro_pancreas,0.5553257969128127,1.6145360443200734,5.242289303779789,4.413963434459751,7,0.3976240391334731,0.7304254812105634,1431,18902,Muraro_pancreas,0.5497777543262711,1.613898679837703,5.207225799520433,4.512740392267193,7,0.397796817625459,0.7302335812611774,1634,18902,0.8,NA
tscan...110,0.5286157254825979,0.5994033472043342,0.6333446456734271,NA,NA,NA,FALSE,Muraro_pancreas,0.5553257969128127,1.6145360443200734,5.242289303779789,4.413963434459751,7,0.3976240391334731,0.7304254812105634,1431,18902,Muraro_pancreas,0.5497777543262711,1.613898679837703,5.207225799520433,4.512740392267193,7,0.397796817625459,0.7302335812611774,1634,18902,0.8,NA
sc3...111,0.9248227965229792,0.8700847534961148,0.9429687280752058,NA,NA,NA,FALSE,Muraro_pancreas,0.5553257969128127,1.6145360443200734,5.242289303779789,4.413963434459751,7,0.3976240391334731,0.7304254812105634,1431,18902,Muraro_pancreas,0.5497777543262711,1.613898679837703,5.207225799520433,4.512740392267193,7,0.397796817625459,0.7302335812611774,1634,18902,0.8,NA
liger...112,0.09613287093587766,0.1460604958359431,0.5071420125482886,NA,NA,NA,FALSE,Muraro_pancreas,0.5553257969128127,1.6145360443200734,5.242289303779789,4.413963434459751,7,0.3976240391334731,0.7304254812105634,1431,18902,Muraro_pancreas,0.5497777543262711,1.613898679837703,5.207225799520433,4.512740392267193,7,0.397796817625459,0.7302335812611774,1634,18902,0.8,NA
seurat...113,0.8276356012371363,0.6418274973289004,0.9092681256058038,NA,NA,NA,FALSE,Muraro_pancreas,0.5553257969128127,1.6145360443200734,5.242289303779789,4.413963434459751,7,0.3976240391334731,0.7304254812105634,1431,18902,Muraro_pancreas,0.5497777543262711,1.613898679837703,5.207225799520433,4.512740392267193,7,0.397796817625459,0.7302335812611774,1634,18902,0.8,TRUE
tscan...114,0.7832604779029121,0.6000359184097712,0.8862960895884757,NA,NA,NA,FALSE,Muraro_pancreas,0.5553257969128127,1.6145360443200734,5.242289303779789,4.413963434459751,7,0.3976240391334731,0.7304254812105634,1431,18902,Muraro_pancreas,0.5497777543262711,1.613898679837703,5.207225799520433,4.512740392267193,7,0.397796817625459,0.7302335812611774,1634,18902,0.8,TRUE
sc3...115,0.9104647095229125,0.7780574357400287,0.9539701840093825,NA,NA,NA,FALSE,Muraro_pancreas,0.5553257969128127,1.6145360443200734,5.242289303779789,4.413963434459751,7,0.3976240391334731,0.7304254812105634,1431,18902,Muraro_pancreas,0.5497777543262711,1.613898679837703,5.207225799520433,4.512740392267193,7,0.397796817625459,0.7302335812611774,1634,18902,0.8,TRUE
liger...116,-0.0011189688381433621,0.015269835132202033,0.671857273307773,NA,NA,NA,FALSE,Muraro_pancreas,0.5553257969128127,1.6145360443200734,5.242289303779789,4.413963434459751,7,0.3976240391334731,0.7304254812105634,1431,18902,Muraro_pancreas,0.5497777543262711,1.613898679837703,5.207225799520433,4.512740392267193,7,0.397796817625459,0.7302335812611774,1634,18902,0.8,TRUE
seurat...117,0.8848078980255057,0.8089147483696514,0.9149837849666133,NA,NA,NA,FALSE,Muraro_pancreas,0.5553257969128127,1.6145360443200734,5.242289303779789,4.413963434459751,7,0.3976240391334731,0.7304254812105634,1431,18902,Muraro_pancreas,0.5497777543262711,1.613898679837703,5.207225799520433,4.512740392267193,7,0.397796817625459,0.7302335812611774,1634,18902,0.8,FALSE
tscan...118,0.5154921899669189,0.5867305591578815,0.6320301057418894,NA,NA,NA,FALSE,Muraro_pancreas,0.5553257969128127,1.6145360443200734,5.242289303779789,4.413963434459751,7,0.3976240391334731,0.7304254812105634,1431,18902,Muraro_pancreas,0.5497777543262711,1.613898679837703,5.207225799520433,4.512740392267193,7,0.397796817625459,0.7302335812611774,1634,18902,0.8,FALSE
sc3...119,0.9270196534299652,0.863227479598088,0.9462508553550477,NA,NA,NA,FALSE,Muraro_pancreas,0.5553257969128127,1.6145360443200734,5.242289303779789,4.413963434459751,7,0.3976240391334731,0.7304254812105634,1431,18902,Muraro_pancreas,0.5497777543262711,1.613898679837703,5.207225799520433,4.512740392267193,7,0.397796817625459,0.7302335812611774,1634,18902,0.8,FALSE
liger...120,0.036003920943206834,0.06380334508856121,0.5170273063334687,NA,NA,NA,FALSE,Muraro_pancreas,0.5553257969128127,1.6145360443200734,5.242289303779789,4.413963434459751,7,0.3976240391334731,0.7304254812105634,1431,18902,Muraro_pancreas,0.5497777543262711,1.613898679837703,5.207225799520433,4.512740392267193,7,0.397796817625459,0.7302335812611774,1634,18902,0.8,FALSE
seurat...121,0.8840492111750928,0.8012175961279812,0.9121163617796288,NA,NA,NA,FALSE,Muraro_pancreas,0.5553257969128127,1.6145360443200734,5.242289303779789,4.413963434459751,7,0.3976240391334731,0.7304254812105634,1431,18902,Muraro_pancreas,0.5555581912029354,1.612996543699384,5.221939820277587,4.5502674468790145,7,0.39823442864149095,0.7298648474107357,2039,18902,1,NA
tscan...122,0.5312157770413607,0.5893263044374382,0.6357214730986461,NA,NA,NA,FALSE,Muraro_pancreas,0.5553257969128127,1.6145360443200734,5.242289303779789,4.413963434459751,7,0.3976240391334731,0.7304254812105634,1431,18902,Muraro_pancreas,0.5555581912029354,1.612996543699384,5.221939820277587,4.5502674468790145,7,0.39823442864149095,0.7298648474107357,2039,18902,1,NA
sc3...123,0.9323716605042522,0.8765820754309959,0.9487288016690676,NA,NA,NA,FALSE,Muraro_pancreas,0.5553257969128127,1.6145360443200734,5.242289303779789,4.413963434459751,7,0.3976240391334731,0.7304254812105634,1431,18902,Muraro_pancreas,0.5555581912029354,1.612996543699384,5.221939820277587,4.5502674468790145,7,0.39823442864149095,0.7298648474107357,2039,18902,1,NA
liger...124,0.3544059725437962,0.34036086934295307,0.6295523896427709,NA,NA,NA,FALSE,Muraro_pancreas,0.5553257969128127,1.6145360443200734,5.242289303779789,4.413963434459751,7,0.3976240391334731,0.7304254812105634,1431,18902,Muraro_pancreas,0.5555581912029354,1.612996543699384,5.221939820277587,4.5502674468790145,7,0.39823442864149095,0.7298648474107357,2039,18902,1,NA
seurat...125,0.7606480056007816,0.6586287889259349,0.8705761714236616,NA,NA,NA,FALSE,Muraro_pancreas,0.5553257969128127,1.6145360443200734,5.242289303779789,4.413963434459751,7,0.3976240391334731,0.7304254812105634,1431,18902,Muraro_pancreas,0.5555581912029354,1.612996543699384,5.221939820277587,4.5502674468790145,7,0.39823442864149095,0.7298648474107357,2039,18902,1,TRUE
tscan...126,0.6385945754283108,0.5458397053300785,0.7977049132689037,NA,NA,NA,FALSE,Muraro_pancreas,0.5553257969128127,1.6145360443200734,5.242289303779789,4.413963434459751,7,0.3976240391334731,0.7304254812105634,1431,18902,Muraro_pancreas,0.5555581912029354,1.612996543699384,5.221939820277587,4.5502674468790145,7,0.39823442864149095,0.7298648474107357,2039,18902,1,TRUE
sc3...127,0.9485925175109999,0.8827648142471022,0.9736055616599236,NA,NA,NA,FALSE,Muraro_pancreas,0.5553257969128127,1.6145360443200734,5.242289303779789,4.413963434459751,7,0.3976240391334731,0.7304254812105634,1431,18902,Muraro_pancreas,0.5555581912029354,1.612996543699384,5.221939820277587,4.5502674468790145,7,0.39823442864149095,0.7298648474107357,2039,18902,1,TRUE
liger...128,-0.012775231054575955,0.013281797183600987,0.6710842610374926,NA,NA,NA,FALSE,Muraro_pancreas,0.5553257969128127,1.6145360443200734,5.242289303779789,4.413963434459751,7,0.3976240391334731,0.7304254812105634,1431,18902,Muraro_pancreas,0.5555581912029354,1.612996543699384,5.221939820277587,4.5502674468790145,7,0.39823442864149095,0.7298648474107357,2039,18902,1,TRUE
seurat...129,0.9023090358400021,0.7978484969877382,0.9307389200497839,NA,NA,NA,FALSE,Muraro_pancreas,0.5553257969128127,1.6145360443200734,5.242289303779789,4.413963434459751,7,0.3976240391334731,0.7304254812105634,1431,18902,Muraro_pancreas,0.5555581912029354,1.612996543699384,5.221939820277587,4.5502674468790145,7,0.39823442864149095,0.7298648474107357,2039,18902,1,FALSE
tscan...130,0.5040104455369278,0.5615899674270811,0.633650275002579,NA,NA,NA,FALSE,Muraro_pancreas,0.5553257969128127,1.6145360443200734,5.242289303779789,4.413963434459751,7,0.3976240391334731,0.7304254812105634,1431,18902,Muraro_pancreas,0.5555581912029354,1.612996543699384,5.221939820277587,4.5502674468790145,7,0.39823442864149095,0.7298648474107357,2039,18902,1,FALSE
sc3...131,0.9332913773253315,0.8573822113668979,0.9527208365012182,NA,NA,NA,FALSE,Muraro_pancreas,0.5553257969128127,1.6145360443200734,5.242289303779789,4.413963434459751,7,0.3976240391334731,0.7304254812105634,1431,18902,Muraro_pancreas,0.5555581912029354,1.612996543699384,5.221939820277587,4.5502674468790145,7,0.39823442864149095,0.7298648474107357,2039,18902,1,FALSE
liger...132,0.2417421457919942,0.2625836911091062,0.6230569192147443,NA,NA,NA,FALSE,Muraro_pancreas,0.5553257969128127,1.6145360443200734,5.242289303779789,4.413963434459751,7,0.3976240391334731,0.7304254812105634,1431,18902,Muraro_pancreas,0.5555581912029354,1.612996543699384,5.221939820277587,4.5502674468790145,7,0.39823442864149095,0.7298648474107357,2039,18902,1,FALSE
